{
	"format_version": "1.8.0",
	"animations": {
		"idle": {
			"loop": true,
			"animation_length": 1,
			"bones": {
				"left_arm": {
					"rotation": {
						"0.0": [-296.92205, 37.12482, -5.71946],
						"1.0": [-296.92205, 37.12482, -5.71946]
					},
					"position": {
						"0.0": [-2.5, -5.75, 1],
						"1.0": [-2.5, -5.75, 1]
					}
				},
				"right_arm": {
					"rotation": {
						"0.0": [-277.5, 0, 0],
						"1.0": [-277.5, 0, 0]
					},
					"position": {
						"0.0": [6, -3.75, 10],
						"1.0": [6, -3.75, 10]
					}
				},
				"bone11": {
					"scale": {
						"0.0": {
							"post": [1, 1, 1],
							"lerp_mode": "catmullrom"
						},
						"0.25": {
							"post": [1, 1, 1],
							"lerp_mode": "catmullrom"
						},
						"0.5": {
							"post": [1, 1.01, 1.03],
							"lerp_mode": "catmullrom"
						},
						"0.75": {
							"post": [1, 0.99, 1],
							"lerp_mode": "catmullrom"
						},
						"1.0": {
							"post": [1, 1, 1],
							"lerp_mode": "catmullrom"
						}
					}
				},
				"gun_body": {
					"position": [0, 0, -4]
				}
			}
		},
		"melee": {
			"loop": true,
			"animation_length": 0.5,
			"bones": {
				"bone2": {
					"rotation": {
						"0.0": [0, 0, 0],
						"0.125": [45, 0, 0],
						"0.1667": [0, 0, 0],
						"0.2083": [0, 0, 0],
						"0.4167": [0, 0, 0],
						"0.5": [0, 0, 0]
					},
					"scale": {
						"0.0": [1, 1, 1],
						"0.1667": [1, 1, 1.125],
						"0.2083": [1, 1, 1.125],
						"0.375": [1, 1, 0.95],
						"0.4167": [1, 1, 1],
						"0.5": [1, 1, 1]
					}
				},
				"bone": {
					"rotation": {
						"0.0": [0, 0, 0],
						"0.125": [0, -45, 0],
						"0.1667": [0, 0, 0],
						"0.2083": [0, 0, 0],
						"0.4167": [0, 0, 0],
						"0.5": [0, 0, 0]
					},
					"scale": {
						"0.0": [1, 1, 1],
						"0.1667": [1, 1, 1.125],
						"0.2083": [1, 1, 1.125],
						"0.375": [1, 1, 0.95],
						"0.4167": [1, 1, 1],
						"0.5": [1, 1, 1]
					}
				},
				"bone3": {
					"rotation": {
						"0.0": [0, 0, 0],
						"0.125": [0, 45, 0],
						"0.1667": [0, 0, 0],
						"0.2083": [0, 0, 0],
						"0.4167": [0, 0, 0],
						"0.5": [0, 0, 0]
					},
					"scale": {
						"0.0": [1, 1, 1],
						"0.1667": [1, 1, 1.125],
						"0.2083": [1, 1, 1.125],
						"0.375": [1, 1, 0.95],
						"0.4167": [1, 1, 1],
						"0.5": [1, 1, 1]
					}
				},
				"bone4": {
					"rotation": {
						"0.0": [0, 0, 0],
						"0.125": [-45, 0, 0],
						"0.1667": [0, 0, 0],
						"0.2083": [0, 0, 0],
						"0.4167": [0, 0, 0],
						"0.5": [0, 0, 0]
					},
					"scale": {
						"0.0": [1, 1, 1],
						"0.1667": [1, 1, 1.125],
						"0.2083": [1, 1, 1.125],
						"0.375": [1, 1, 0.95],
						"0.4167": [1, 1, 1],
						"0.5": [1, 1, 1]
					}
				},
				"bone5": {
					"rotation": {
						"0.0": [0, 0, 0],
						"0.125": [0, 22.5, 0],
						"0.1667": [0, 0, 0],
						"0.4167": [0, 0, 0]
					},
					"scale": {
						"0.0": [1, 1, 1],
						"0.4167": [1, 1, 1]
					}
				},
				"bone6": {
					"rotation": {
						"0.0": [0, 0, 0],
						"0.125": [0, -22.5, 0],
						"0.1667": [0, 0, 0],
						"0.4167": [0, 0, 0]
					},
					"scale": 1
				},
				"bone7": {
					"rotation": {
						"0.0": [0, 0, 0],
						"0.1667": [-22.5, 0, 0],
						"0.25": [0, 0, 0],
						"0.4167": [0, 0, 0]
					}
				},
				"bone8": {
					"rotation": {
						"0.0": [0, 0, 0],
						"0.1667": [22.5, 0, 0],
						"0.25": [0, 0, 0],
						"0.4167": [0, 0, 0]
					}
				},
				"gun_body": {
					"rotation": {
						"0.0": {
							"post": [0, 0, 0],
							"lerp_mode": "catmullrom"
						},
						"0.0833": {
							"post": [-4.5, 0, 0],
							"lerp_mode": "catmullrom"
						},
						"0.1667": {
							"post": [-1.91757, -4.61854, 22.57734],
							"lerp_mode": "catmullrom"
						},
						"0.4167": {
							"post": [0, 0, 0],
							"lerp_mode": "catmullrom"
						},
						"0.4583": {
							"post": [0.28109, 0.00491, -2.4068],
							"lerp_mode": "catmullrom"
						},
						"0.5": {
							"post": [0, 0, 0],
							"lerp_mode": "catmullrom"
						}
					},
					"position": {
						"0.0": {
							"post": [0, 0, -4],
							"lerp_mode": "catmullrom"
						},
						"0.0833": {
							"post": [0, 0, -1.25],
							"lerp_mode": "catmullrom"
						},
						"0.1667": {
							"post": [0, 0, -12],
							"lerp_mode": "catmullrom"
						},
						"0.4167": {
							"post": [0, 0, -4],
							"lerp_mode": "catmullrom"
						},
						"0.5": {
							"post": [0, 0, -4],
							"lerp_mode": "catmullrom"
						}
					}
				},
				"bone10": {
					"position": {
						"0.0": [0, 0, 0],
						"0.1667": [0, 0, 0],
						"0.2083": [0, 0, 0],
						"0.4167": [0, 0, 0],
						"0.5": [0, 0, 0]
					}
				},
				"left_arm": {
					"rotation": {
						"0.0": [-296.92205, 37.12482, -5.71946],
						"0.1667": [-291.65457, 11.95223, 6.61996],
						"0.4167": [-296.92205, 37.12482, -5.71946],
						"0.5": [-296.92205, 37.12482, -5.71946]
					},
					"position": {
						"0.0": [-2.5, -5.75, 1],
						"0.1667": [-4.5, -5.75, 1.25],
						"0.4167": [-2.5, -5.75, 1],
						"0.5": [-2.5, -5.75, 1]
					}
				},
				"right_arm": {
					"rotation": {
						"0.0": [-277.5, 0, 0],
						"0.1667": [-274.5, 0, 0],
						"0.2083": [-274.5, 0, 0],
						"0.4167": [-277.5, 0, 0],
						"0.5": [-277.5, 0, 0]
					},
					"position": {
						"0.0": [6, -3.75, 10],
						"0.1667": [6, -3.45, 10],
						"0.2083": [6, -3.45, 10],
						"0.4167": [6, -3.75, 10],
						"0.5": [6, -3.75, 10]
					}
				}
			}
		},
		"Idle": {
			"loop": true,
			"bones": {
				"bone2": {
					"position": [0, 0, 4]
				},
				"left_arm": {
					"rotation": [86.44821, 28.87138, 32.02922],
					"position": [-3, -3.5, -4.5]
				},
				"right_arm": {
					"rotation": [67.5, -5, 0],
					"position": [5, -2.5, 4.5]
				}
			}
		},
		"shoot": {
			"loop": true,
			"animation_length": 0.5,
			"bones": {
				"bone2": {
					"rotation": {
						"0.0": {
							"post": [0, 0, 0],
							"lerp_mode": "catmullrom"
						},
						"0.0833": {
							"post": [-0.99939, -0.0349, -1.9997],
							"lerp_mode": "catmullrom"
						},
						"0.2083": {
							"post": [-0.99985, -0.01745, -0.99985],
							"lerp_mode": "catmullrom"
						},
						"0.375": {
							"post": [0.00137, -0.05233, -2.99954],
							"lerp_mode": "catmullrom"
						},
						"0.5": {
							"post": [0, 0, 0],
							"lerp_mode": "catmullrom"
						}
					},
					"position": {
						"0.0": {
							"post": [0, 0, 4],
							"lerp_mode": "catmullrom"
						},
						"0.0833": {
							"post": [0, 0, 4.2],
							"lerp_mode": "catmullrom"
						},
						"0.2083": {
							"post": [0, 0, 4.64],
							"lerp_mode": "catmullrom"
						},
						"0.375": {
							"post": [0, -0.1, 4.27],
							"lerp_mode": "catmullrom"
						},
						"0.5": {
							"post": [0, 0, 4],
							"lerp_mode": "catmullrom"
						}
					}
				},
				"left_arm": {
					"rotation": {
						"0.0": {
							"post": [86.44821, 28.87138, 32.02922],
							"lerp_mode": "catmullrom"
						},
						"0.5": {
							"post": [86.44821, 28.87138, 32.02922],
							"lerp_mode": "catmullrom"
						}
					},
					"position": {
						"0.0": {
							"post": [-3, -3.5, -4.5],
							"lerp_mode": "catmullrom"
						},
						"0.5": {
							"post": [-3, -3.5, -4.5],
							"lerp_mode": "catmullrom"
						}
					}
				},
				"right_arm": {
					"rotation": {
						"0.0": {
							"post": [67.5, -5, 0],
							"lerp_mode": "catmullrom"
						},
						"0.5": {
							"post": [67.5, -5, 0],
							"lerp_mode": "catmullrom"
						}
					},
					"position": {
						"0.0": {
							"post": [5, -2.5, 4.5],
							"lerp_mode": "catmullrom"
						},
						"0.5": {
							"post": [5, -2.5, 4.5],
							"lerp_mode": "catmullrom"
						}
					}
				}
			}
		},
		"aim_shoot": {
			"loop": true,
			"animation_length": 0.5,
			"bones": {
				"bone2": {
					"rotation": {
						"0.0": [0, 0, 0],
						"0.0833": [-0.99939, -0.0349, -1.9997],
						"0.2083": [-0.99985, -0.01745, -0.99985],
						"0.375": [0.00137, -0.05233, -2.99954],