{
	"format_version": "1.8.0",
	"animations": {
		"idle": {
			"loop": true,
			"animation_length": 1,
			"bones": {
				"left_arm": {
					"rotation": {
						"0.0": [-296.92205, 37.12482, -5.71946],
						"1.0": [-296.92205, 37.12482, -5.71946]
					},
					"position": {
						"0.0": [-2.5, -5.75, 1],
						"1.0": [-2.5, -5.75, 1]
					}
				},
				"right_arm": {
					"rotation": {
						"0.0": [-277.5, 0, 0],
						"1.0": [-277.5, 0, 0]
					},
					"position": {
						"0.0": [6, -3.75, 10],
						"1.0": [6, -3.75, 10]
					}
				},
				"bone11": {
					"scale": {
						"0.0": {
							"post": [1, 1, 1],
							"lerp_mode": "catmullrom"
						},
						"0.25": {
							"post": [1, 1, 1],
							"lerp_mode": "catmullrom"
						},
						"0.5": {
							"post": [1, 1.01, 1.03],
							"lerp_mode": "catmullrom"
						},
						"0.75": {
							"post": [1, 0.99, 1],
							"lerp_mode": "catmullrom"
						},
						"1.0": {
							"post": [1, 1, 1],
							"lerp_mode": "catmullrom"
						}
					}
				},
				"gun_body": {
					"position": [0, 0, -4]
				}
			}
		},
		"shoot": {
			"loop": true,
			"animation_length": 0.25,
			"bones": {
				"bone2": {
					"rotation": {
						"0.0": [0, 0, 0],
						"0.125": [2, 0, 0],
						"0.25": [0, 0, 0]
					},
					"scale": {
						"0.0": [1, 1, 0.97],
						"0.125": [1, 1, 0.9],
						"0.2083": [1, 1, 0.9367],
						"0.25": [1, 1, 0.97]
					}
				},
				"bone": {
					"rotation": {
						"0.0": [0, 0, 0],
						"0.125": [0, -1, 0],
						"0.25": [0, 0, 0]
					},
					"scale": {
						"0.0": [1, 1, 0.97],
						"0.125": [1, 1, 0.9],
						"0.2083": [1, 1, 0.9667],
						"0.25": [1, 1, 0.97]
					}
				},
				"bone3": {
					"rotation": {
						"0.0": [0, 0, 0],
						"0.125": [0, 1, 0],
						"0.25": [0, 0, 0]
					},
					"scale": {
						"0.0": [1, 1, 0.97],
						"0.125": [1, 1, 0.9],
						"0.2083": [1, 1, 0.9767],
						"0.25": [1, 1, 0.97]
					}
				},
				"bone4": {
					"rotation": {
						"0.0": [0, 0, 0],
						"0.125": [-1, 0, 0],
						"0.25": [0, 0, 0]
					},
					"scale": {
						"0.0": [1, 1, 0.97],
						"0.125": [1, 1, 0.9],
						"0.2083": [1, 1, 0.9367],
						"0.25": [1, 1, 0.97]
					}
				},
				"bone5": {
					"rotation": {
						"0.0": [0, 13, 0],
						"0.125": [0, 0, 0],
						"0.25": [0, 0, 0]
					}
				},
				"bone6": {
					"rotation": {
						"0.0": [0, -21, 0],
						"0.125": [0, 0, 0],
						"0.25": [0, 0, 0]
					}
				},
				"bone7": {
					"rotation": {
						"0.0": [-14, 0, 0],
						"0.125": [0, 0, 0],
						"0.25": [0, 0, 0]
					}
				},
				"bone8": {
					"rotation": {
						"0.0": [29, 0, 0],
						"0.125": [0, 0, 0],
						"0.25": [0, 0, 0]
					}
				},
				"gun_body": {
					"rotation": {
						"0.0": [-1, 0, 0],
						"0.0833": [-1.66565, -0.05816, -1.99915],
						"0.125": [-2, 0, 0],
						"0.2083": [-0.66657, 0.01163, 0.99993],
						"0.25": [0, 0, 0]
					},
					"position": {
						"0.0": [0, 0, -3.5],
						"0.0833": [0, 0, -2],
						"0.25": [0, 0, -4]
					}
				},
				"bone10": {
					"position": {
						"0.0": [0, 0, 2],
						"0.125": [0, 0, 0],
						"0.25": [0, 0, 0]
					}
				},
				"bone11": {
					"scale": {
						"0.0": [1, 0.9, 0.9],
						"0.0833": [1.125, 1, 1.075],
						"0.1667": [1, 1, 1]
					}
				},
				"left_arm": {
					"rotation": {
						"0.0": [-296.92205, 37.12482, -5.71946],
						"0.25": [-296.92205, 37.12482, -5.71946]
					},
					"position": [-2.5, -5.75, 1]
				},
				"right_arm": {
					"rotation": [-277.5, 0, 0],
					"position": [6, -3.75, 10]
				}
			}
		},
		"aim_shoot": {
			"loop": true,
			"animation_length": 0.25,
			"bones": {
				"bone2": {
					"rotation": {
						"0.0": [0, 0, 0],
						"0.125": [2, 0, 0],
						"0.25": [0, 0, 0]
					},
					"scale": {
						"0.0": [1, 1, 0.97],
						"0.125": [1, 1, 0.9],
						"0.2083": [1, 1, 0.9367],
						"0.25": [1, 1, 0.97]
					}
				},
				"bone": {
					"rotation": {
						"0.0": [0, 0, 0],
						"0.125": [0, -1, 0],
						"0.25": [0, 0, 0]
					},
					"scale": {
						"0.0": [1, 1, 0.97],
						"0.125": [1, 1, 0.9],
						"0.2083": [1, 1, 0.9667],
						"0.25": [1, 1, 0.97]
					}
				},
				"bone3": {
					"rotation": {
						"0.0": [0, 0, 0],
						"0.125": [0, 1, 0],
						"0.25": [0, 0, 0]
					},
					"scale": {
						"0.0": [1, 1, 0.97],
						"0.125": [1, 1, 0.9],
						"0.2083": [1, 1, 0.9767],
						"0.25": [1, 1, 0.97]
					}
				},
				"bone4": {
					"rotation": {
						"0.0": [0, 0, 0],
						"0.125": [-1, 0, 0],
						"0.25": [0, 0, 0]
					},
					"scale": {
						"0.0": [1, 1, 0.97],
						"0.125": [1, 1, 0.9],
						"0.2083": [1, 1, 0.9367],
						"0.25": [1, 1, 0.97]
					}
				},
				"bone5": {
					"rotation": {
						"0.0": [0, 13, 0],
						"0.125": [0, 0, 0],
						"0.25": [0, 0, 0]
					}
				},
				"bone6": {
					"rotation": {
						"0.0": [0, -21, 0],
						"0.125": [0, 0, 0],
						"0.25": [0, 0, 0]
					}
				},
				"bone7": {
					"rotation": {
						"0.0": [-14, 0, 0],
						"0.125": [0, 0, 0],
						"0.25": [0, 0, 0]
					}
				},
				"bone8": {
					"rotation": {
						"0.0": [29, 0, 0],
						"0.125": [0, 0, 0],
						"0.25": [0, 0, 0]
					}
				},
				"gun_body": {
					"rotation": {
						"0.0": [-1, 0, 0],
						"0.0833": [-1.66565, -0.05816, -1.99915],
						"0.125": [-2, 0, 0],
						"0.2083": [-0.66657, 0.01163, 0.99993],
						"0.25": [0, 0, 0]
					},
					"position": {
						"0.0": [0, 0, -3.5],
						"0.0833": [0, 0, -3],
						"0.25": [0, 0, -4]
					}
				},
				"bone10": {
					"position": {
						"0.0": [0, 0, 2],
						"0.125": [0, 0, 0],
						"0.25": [0, 0, 0]
					}
				},
				"bone11": {
					"scale": {
						"0.0": [1, 0.9, 0.9],
						"0.0833": [1.125, 1, 1.075],
						"0.1667": [1, 1, 1]
					}
				},
				"left_arm": {
					"rotation": {
						"0.0": [-296.92205, 37.12482, -5.71946],
						"0.25": [-296.92205, 37.12482, -5.71946]
					},
					"position": [-2.5, -5.75, 1]
				},
				"right_arm": {
					"rotation": [-277.5, 0, 0],
					"position": [6, -3.75, 10]
				}
			}
		},
		"melee": {
			"loop": true,
			"animation_length": 0.5,
			"bones": {
				"bone2": {
					"rotation": {
						"0.0": [0, 0, 0],
						"0.125": [45, 0, 0],
						"0.1667": [0, 0, 0],
						"0.2083": [0, 0, 0],
						"0.4167": [0, 0, 0],
						"0.5": [0, 0, 0]
					},
					"scale": {
						"0.0": [1, 1, 1],
						"0.1667": [1, 1, 1.125],
						"0.2083": [1, 1, 1.125],
						"0.375": [1, 1, 0.95],
						"0.4167": [1, 1, 1],
						"0.5": [1, 1, 1]
					}
				},
				"bone": {
					"rotation": {
						"0.0": [0, 0, 0],
						"0.125": [0, -45, 0],
						"0.1667": [0, 0, 0],
						"0.2083": [0, 0, 0],
						"0.4167": [0, 0, 0],
						"0.5": [0, 0, 0]
					},
					"scale": {
						"0.0": [1, 1, 1],
						"0.1667": [1, 1, 1.125],
						"0.2083": [1, 1, 1.125],
						"0.375": [1, 1, 0.95],
						"0.4167": [1, 1, 1],
						"0.5": [1, 1, 1]
					}
				},
				"bone3": {
					"rotation": {
						"0.0": [0, 0, 0],
						"0.125": [0, 45, 0],
						"0.1667": [0, 0, 0],
						"0.2083": [0, 0, 0],
						"0.4167": [0, 0, 0],
						"0.5": [0, 0, 0]
					},
					"scale": {
						"0.0": [1, 1, 1],
						"0.1667": [1, 1, 1.125],
						"0.2083": [1, 1, 1.125],
						"0.375": [1, 1, 0.95],
						"0.4167": [1, 1, 1],
						"0.5": [1, 1, 1]
					}
				},
				"bone4": {
					"rotation": {
						"0.0": [0, 0, 0],
						"0.125": [-45, 0, 0],
						"0.1667": [0, 0, 0],
						"0.2083": [0, 0, 0],
						"0.4167": [0, 0, 0],
						"0.5": [0, 0, 0]
					},
					"scale": {
						"0.0": [1, 1, 1],
						"0.1667": [1, 1, 1.125],
						"0.2083": [1, 1, 1.125],
						"0.375": [1, 1, 0.95],
						"0.4167": [1, 1, 1],
						"0.5": [1, 1, 1]
					}
				},
				"bone5": {
					"rotation": {
						"0.0": [0, 0, 0],
						"0.125": [0, 22.5, 0],
						"0.1667": [0, 0, 0],
						"0.4167": [0, 0, 0]
					},
					"scale": {
						"0.0": [1, 1, 1],
						"0.4167": [1, 1, 1]
					}
				},
				"bone6": {
					"rotation": {
						"0.0": [0, 0, 0],
						"0.125": [0, -22.5, 0],