{
	"format_version": "1.8.0",
	"animations": {
		"idle": {
			"loop": true,
			"bones": {
				"left_arm": {
					"rotation": [56.81456, -10.63291, 275.03171],
					"position": [-3, -5.5, -2]
				},
				"right_arm": {
					"rotation": [-264.87075, 4.78083, -178.26743],
					"position": [4.6, -3.25, 4]
				}
			}
		},
		"shoot": {
			"loop": true,
			"animation_length": 0.2917,
			"bones": {
				"gun_body": {
					"rotation": {
						"0.0": {
							"post": [0, 0, 0],
							"lerp_mode": "catmullrom"
						},
						"0.0833": {
							"post": [-4.99527, -0.21782, -2.4905],
							"lerp_mode": "catmullrom"
						},
						"0.1667": {
							"post": [1.25119, 0.05458, 4.37619],
							"lerp_mode": "catmullrom"
						},
						"0.25": {
							"post": [-0.02768, 0.04241, 1.73601],
							"lerp_mode": "catmullrom"
						},
						"0.2917": {
							"post": [0, 0, 0],
							"lerp_mode": "catmullrom"
						}
					},
					"position": {
						"0.0": {
							"post": [-0.1, 0, 1],
							"lerp_mode": "catmullrom"
						},
						"0.0833": {
							"post": [-0.2, 0, 1.67],
							"lerp_mode": "catmullrom"
						},
						"0.2083": {
							"post": [0.1, -0.1, 0],
							"lerp_mode": "catmullrom"
						},
						"0.2917": {
							"post": [0, 0, 0],
							"lerp_mode": "catmullrom"
						}
					}
				},
				"bolt": {
					"position": {
						"0.0": [0, 0, 1.5],
						"0.0833": [0, 0, 0],
						"0.2083": [0, 0, 0]
					}
				},
				"left_arm": {
					"rotation": {
						"0.0": [56.81456, -10.63291, 275.03171],
						"0.0833": [56.81456, -10.63291, 275.03171],
						"0.2083": [56.81456, -10.63291, 275.03171]
					},
					"position": {
						"0.0": [-3, -5.5, -2],
						"0.2083": [-3, -5.5, -2]
					}
				},
				"right_arm": {
					"rotation": {
						"0.0": [-264.87075, 4.78083, -178.26743],
						"0.0833": [-274.87075, 4.78083, -178.26743],
						"0.2083": [-264.87075, 4.78083, -178.26743]
					},
					"position": {
						"0.0": [4.6, -3.25, 4],
						"0.0833": [4.5, -2.75, 4],
						"0.2083": [4.6, -3.25, 4]
					}
				}
			}
		},
		"aim_shoot": {
			"loop": true,
			"animation_length": 0.25,
			"bones": {
				"gun_body": {
					"rotation": {
						"0.0": [0, 0, 0],
						"0.0833": [-4.99527, -0.21782, -0.5],
						"0.1667": [1.25119, 0.05458, 1],
						"0.25": [0, 0, 0]
					},
					"position": {
						"0.0": [0, 0, 1],
						"0.0833": [0, 0, 1.67],
						"0.25": [0, 0, 0]
					}
				},
				"bolt": {
					"position": {
						"0.0": [0, 0, 1.5],
						"0.0833": [0, 0, 0],
						"0.2083": [0, 0, 0]
					}
				},
				"left_arm": {
					"rotation": {
						"0.0": [56.81456, -10.63291, 275.03171],
						"0.0833": [56.81456, -10.63291, 275.03171],
						"0.2083": [56.81456, -10.63291, 275.03171]
					},
					"position": {
						"0.0": [-3, -5.5, -2],
						"0.2083": [-3, -5.5, -2]
					}
				},
				"right_arm": {
					"rotation": {
						"0.0": [-264.87075, 4.78083, -178.26743],
						"0.0833": [-274.87075, 4.78083, -178.26743],
						"0.2083": [-264.87075, 4.78083, -178.26743]
					},
					"position": {
						"0.0": [4.6, -3.25, 4],
						"0.0833": [4.5, -2.75, 4],
						"0.2083": [4.6, -3.25, 4]
					}
				}
			}
		},
		"reload": {
			"animation_length": 2.1667,
			"bones": {
				"gun_body": {
					"rotation": {
						"0.0": {
							"post": [0, 0, 0],
							"lerp_mode": "catmullrom"
						},
						"0.1667": {
							"post": [-19.07152, -4.14317, -11.80372],
							"lerp_mode": "catmullrom"
						},
						"0.25": {
							"post": [-18.66131, -5.76092, -16.55267],
							"lerp_mode": "catmullrom"
						},
						"0.4583": {
							"post": [-21.23592, -7.02721, -20.37079],
							"lerp_mode": "catmullrom"
						},
						"0.625": {
							"post": [-17.23592, -7.02721, -20.37079],
							"lerp_mode": "catmullrom"
						},
						"0.7083": {
							"post": [-17.23592, -7.02721, -20.37079],
							"lerp_mode": "catmullrom"
						},
						"0.875": {
							"post": [-12.76062, -5.52294, -15.57353],
							"lerp_mode": "catmullrom"
						},
						"1.0833": {
							"post": [-13.62995, -7.64062, -25.41231],
							"lerp_mode": "catmullrom"
						},
						"1.1667": {
							"post": [-17.62995, -7.64062, -25.41231],
							"lerp_mode": "catmullrom"
						},
						"1.2917": {
							"post": [-17.0771, -8.83352, -29.26767],
							"lerp_mode": "catmullrom"
						},
						"1.4583": {
							"post": [-4.1538, 0.69314, -0.71345],
							"lerp_mode": "catmullrom"
						},
						"1.625": {
							"post": [-9.05989, 1.48501, 4.22438],
							"lerp_mode": "catmullrom"
						},
						"1.75": {
							"post": [-12.70594, 3.50072, 11.47659],
							"lerp_mode": "catmullrom"
						},
						"1.7917": {
							"post": [-12.70594, 3.50072, 11.47659],
							"lerp_mode": "catmullrom"
						},
						"1.9167": {
							"post": [-9.88404, 2.43717, 9.13736],
							"lerp_mode": "catmullrom"
						},
						"2.1667": {
							"post": [0, 0, 0],
							"lerp_mode": "catmullrom"
						}
					},
					"position": {
						"0.0": {
							"post": [0, 0, 0],
							"lerp_mode": "catmullrom"
						},
						"0.1667": {
							"post": [0, 1.6, -1],
							"lerp_mode": "catmullrom"
						},
						"0.25": {
							"post": [-0.05411, 1.83007, -0.91853],
							"lerp_mode": "catmullrom"
						},
						"0.4583": {
							"post": [0.10035, 1.38049, -0.07918],
							"lerp_mode": "catmullrom"
						},
						"0.625": {
							"post": [0.10035, 1.38049, -0.07918],
							"lerp_mode": "catmullrom"
						},
						"0.875": {
							"post": [-0.46464, 3.24758, -0.64029],
							"lerp_mode": "catmullrom"
						},
						"1.0833": {
							"post": [-0.57113, 3.4683, -0.59005],
							"lerp_mode": "catmullrom"
						},
						"1.125": {
							"post": [-0.65908, 3.64263, -0.54245],
							"lerp_mode": "catmullrom"
						},
						"1.2917": {
							"post": [-0.76133, 3.80237, -0.48196],
							"lerp_mode": "catmullrom"
						},
						"1.4583": {
							"post": [-0.25333, 1.98816, 0.22982],
							"lerp_mode": "catmullrom"
						},
						"1.625": {
							"post": [-0.24028, 1.93579, 1.47798],
							"lerp_mode": "catmullrom"
						},
						"1.75": {
							"post": [-0.18, 1.45, 2.73],
							"lerp_mode": "catmullrom"
						},
						"1.7917": {
							"post": [-0.18, 1.45, 2.83],
							"lerp_mode": "catmullrom"
						},
						"1.9167": {
							"post": [-0.12, 0.47, 0.49],
							"lerp_mode": "catmullrom"
						},
						"2.1667": {
							"post": [0, 0, 0],
							"lerp_mode": "catmullrom"
						}
					}
				},
				"bolt": {
					"position": {
						"1.6667": [0, 0, 0],
						"1.8333": [0, 0, 1.5],
						"1.875": [0, 0, 1.5],
						"2.0417": [0, 0, 0]
					}
				},
				"magazines": {
					"rotation": {
						"0.25": [0, 0, 0],
						"0.3333": [0, 0, 0],
						"0.4583": [17.5, 0, 0],
						"0.5417": [50, 0, 0],
						"0.6667": [50, 0, 0],
						"0.7917": [17.5, 0, 0],
						"0.875": [0, 0, 0],
						"0.9583": [0, 0, 0],
						"1.0833": [0, 0, 0]
					},
					"position": {
						"0.0": [0, 0, 0],
						"0.25": [0, 0, 0],
						"0.3333": [0, -2.75, 1],
						"0.4167": [0, -4.75, 2],
						"0.5417": [0, -6.75, 1.5],
						"0.625": [0, -8.03558, 3.03209],
						"0.7083": [0, -8.03558, 3.03209],
						"0.7917": [0, -6.75, 1.5],
						"0.875": [0, -4.75, 2],
						"0.9583": [0, -1.27, 0.53],
						"1.0": [0, 0, 0]
					}
				},
				"left_arm": {
					"rotation": {
						"0.0": {
							"post": [56.81456, -10.63291, 275.03171],
							"lerp_mode": "catmullrom"
						},
						"1.2083": {
							"post": [56.81456, -10.63291, 275.03171],
							"lerp_mode": "catmullrom"
						},
						"1.5417": {
							"post": [142.20549, -24.46594, 167.05881],
							"lerp_mode": "catmullrom"
						},
						"1.6667": {
							"post": [141.76792, -26.07936, 172.09348],
							"lerp_mode": "catmullrom"
						},
						"1.8333": {
							"post": [154.18536, -0.00116, 159.02682],
							"lerp_mode": "catmullrom"
						},
						"2.0": {
							"post": [103.21483, -19.78454, 189.1266],
							"lerp_mode": "catmullrom"
						},