{
	"format_version": "1.8.0",
	"animations": {
		"idle": {
			"loop": true,
			"bones": {
				"left_arm": {
					"rotation": [56.81456, -10.63291, 275.03171],
					"position": [-2.25, -6, -2]
				},
				"right_arm": {
					"rotation": [-264.87075, 4.78083, -178.26743],
					"position": [5.1, -3.25, 4]
				}
			}
		},
		"shoot": {
			"loop": true,
			"animation_length": 0.5417,
			"bones": {
				"gun_body": {
					"rotation": {
						"0.0": {
							"post": [0, 0, 0],
							"lerp_mode": "catmullrom"
						},
						"0.0417": {
							"post": [-0.88771, -0.12865, -1.78367],
							"lerp_mode": "catmullrom"
						},
						"0.0833": {
							"post": [-4.99527, -0.21782, -2.4905],
							"lerp_mode": "catmullrom"
						},
						"0.1667": {
							"post": [1.25119, 0.05458, 4.37619],
							"lerp_mode": "catmullrom"
						},
						"0.25": {
							"post": [-0.02768, 0.04241, 1.73601],
							"lerp_mode": "catmullrom"
						},
						"0.4167": {
							"post": [0, 0, 0],
							"lerp_mode": "catmullrom"
						},
						"0.5417": {
							"post": [0, 0, 0],
							"lerp_mode": "catmullrom"
						}
					},
					"position": {
						"0.0": {
							"post": [-0.1, 0, 1],
							"lerp_mode": "catmullrom"
						},
						"0.0833": {
							"post": [-0.2, 0, 1.67],
							"lerp_mode": "catmullrom"
						},
						"0.125": {
							"post": [-0.11, -0.04, 0.92],
							"lerp_mode": "catmullrom"
						},
						"0.1667": {
							"post": [0.01, -0.08, 0.52],
							"lerp_mode": "catmullrom"
						},
						"0.2083": {
							"post": [0.1, -0.1, 0],
							"lerp_mode": "catmullrom"
						},
						"0.4167": {
							"post": [0, 0, 0],
							"lerp_mode": "catmullrom"
						},
						"0.5417": {
							"post": [0, 0, 0],
							"lerp_mode": "catmullrom"
						}
					}
				},
				"bolt": {
					"position": {
						"0.0": [0, 0, 1.4],
						"0.0417": [0, 0, 1.5],
						"0.0833": [0, 0, 1.5],
						"0.2083": [0, 0, 0]
					}
				},
				"left_arm": {
					"rotation": {
						"0.0": [56.81456, -10.63291, 275.03171],
						"0.0833": [56.81456, -10.63291, 275.03171],
						"0.2083": [56.81456, -10.63291, 275.03171]
					},
					"position": {
						"0.0": [-2.25, -6, -2],
						"0.2083": [-2.25, -6, -2]
					}
				},
				"right_arm": {
					"rotation": {
						"0.0": [-264.87075, 4.78083, -178.26743],
						"0.0833": [-268.87075, 4.78083, -178.26743],
						"0.2083": [-264.87075, 4.78083, -178.26743]
					},
					"position": {
						"0.0": [5.1, -3.25, 4],
						"0.0833": [4.99905, -2.69362, 4],
						"0.2083": [5.1, -3.25, 4]
					}
				},
				"gun_body2": {
					"rotation": {
						"0.0": {
							"post": [0, 0, 0],
							"lerp_mode": "catmullrom"
						},
						"0.0833": {
							"post": [0, 0, -1],
							"lerp_mode": "catmullrom"
						},
						"0.3333": {
							"post": [0, 0, 0],
							"lerp_mode": "catmullrom"
						},
						"0.5": {
							"post": [0, 0, 0],
							"lerp_mode": "catmullrom"
						}
					}
				}
			}
		},
		"aim_shoot": {
			"loop": true,
			"animation_length": 0.5,
			"bones": {
				"gun_body": {
					"rotation": {
						"0.0": {
							"post": [0, 0, -0.01],
							"lerp_mode": "catmullrom"
						},
						"0.125": {
							"post": [0.75, 0, 0.01],
							"lerp_mode": "catmullrom"
						},
						"0.3333": {
							"post": [0, 0, 0],
							"lerp_mode": "catmullrom"
						},
						"0.5": {
							"post": [0, 0, 0],
							"lerp_mode": "catmullrom"
						}
					}
				},
				"bolt": {
					"position": {
						"0.0": [0, 0, 1.4],
						"0.0417": [0, 0, 1.5],
						"0.0833": [0, 0, 1.5],
						"0.2083": [0, 0, 0]
					}
				},
				"left_arm": {
					"rotation": {
						"0.0": [56.81456, -10.63291, 275.03171],
						"0.0833": [56.81456, -10.63291, 275.03171],
						"0.2083": [56.81456, -10.63291, 275.03171]
					},
					"position": {
						"0.0": [-2.25, -6, -2],
						"0.2083": [-2.25, -6, -2]
					}
				},
				"right_arm": {
					"rotation": [-264.87075, 4.78083, -178.26743],
					"position": [5.1, -3.25, 4]
				},
				"gun_body2": {
					"rotation": {
						"0.0": {
							"post": [-0.05, 0.3, -0.01],
							"lerp_mode": "catmullrom"
						},
						"0.0417": {
							"post": [0.11196, -0.12593, -0.34375],
							"lerp_mode": "catmullrom"
						},
						"0.0833": {
							"post": [-2.99527, -0.21782, -0.5],
							"lerp_mode": "catmullrom"
						},
						"0.125": {
							"post": [-1.98804, -0.08395, 0.30273],
							"lerp_mode": "catmullrom"
						},
						"0.25": {
							"post": [0.75, 0, -0.1],
							"lerp_mode": "catmullrom"
						},
						"0.4167": {
							"post": [0, 0, 0],
							"lerp_mode": "catmullrom"
						},
						"0.5": {
							"post": [0, 0, 0],
							"lerp_mode": "catmullrom"
						}
					},
					"position": {
						"0.0": {
							"post": [0, 0.1, 0.5],
							"lerp_mode": "catmullrom"
						},
						"0.0833": {
							"post": [0, 0.1, 1],
							"lerp_mode": "catmullrom"
						},
						"0.2083": {
							"post": [0, 0, 0],
							"lerp_mode": "catmullrom"
						},
						"0.375": {
							"post": [0, 0, 0],
							"lerp_mode": "catmullrom"
						},
						"0.5": {
							"post": [0, 0, 0],
							"lerp_mode": "catmullrom"
						}
					}
				}
			}
		},
		"reload": {
			"animation_length": 2.3333,
			"bones": {
				"gun_body": {
					"rotation": {
						"0.0": {
							"post": [0, 0, 0],
							"lerp_mode": "catmullrom"
						},
						"0.1667": {
							"post": [-19.07152, -4.14317, -11.80372],
							"lerp_mode": "catmullrom"
						},
						"0.25": {
							"post": [-18.66131, -5.76092, -16.55267],
							"lerp_mode": "catmullrom"
						},
						"0.4583": {
							"post": [-21.23592, -7.02721, -20.37079],
							"lerp_mode": "catmullrom"
						},
						"0.625": {
							"post": [-17.23592, -7.02721, -20.37079],
							"lerp_mode": "catmullrom"
						},
						"0.7083": {
							"post": [-17.23592, -7.02721, -20.37079],
							"lerp_mode": "catmullrom"
						},
						"0.875": {
							"post": [-12.76062, -5.52294, -15.57353],
							"lerp_mode": "catmullrom"
						},
						"1.0833": {
							"post": [-13.62995, -7.64062, -25.41231],
							"lerp_mode": "catmullrom"
						},
						"1.1667": {
							"post": [-17.62995, -7.64062, -25.41231],
							"lerp_mode": "catmullrom"
						},
						"1.2917": {
							"post": [-17.0771, -8.83352, -29.26767],
							"lerp_mode": "catmullrom"
						},
						"1.4583": {
							"post": [-4.09549, 0.98096, 3.27661],
							"lerp_mode": "catmullrom"
						},
						"1.625": {
							"post": [-8.89807, 2.26585, 9.16572],
							"lerp_mode": "catmullrom"
						},
						"1.75": {
							"post": [-10.36069, 4.58642, 16.36955],
							"lerp_mode": "catmullrom"
						},
						"1.875": {
							"post": [-12.76909, 3.32639, 12.28642],
							"lerp_mode": "catmullrom"
						},
						"1.9167": {
							"post": [-5.88404, 2.43717, 9.13736],
							"lerp_mode": "catmullrom"
						},
						"2.0417": {
							"post": [-2.63794, 1.1634, 4.37333],
							"lerp_mode": "catmullrom"
						},
						"2.1667": {
							"post": [0, 0, 0],
							"lerp_mode": "catmullrom"
						},
						"2.3333": {
							"post": [0, 0, 0],
							"lerp_mode": "catmullrom"
						}
					},
					"position": {
						"0.0": {
							"post": [0, 0, 0],
							"lerp_mode": "catmullrom"
						},
						"0.1667": {
							"post": [0, 1.6, -1],
							"lerp_mode": "catmullrom"
						},
						"0.25": {
							"post": [-0.05411, 1.83007, -0.91853],
							"lerp_mode": "catmullrom"
						},
						"0.4583": {
							"post": [0.10035, 1.38049, -0.07918],
							"lerp_mode": "catmullrom"
						},
						"0.625": {
							"post": [0.10035, 1.38049, -0.07918],
							"lerp_mode": "catmullrom"
						},
						"0.875": {
							"post": [-0.46464, 3.24758, -0.64029],
							"lerp_mode": "catmullrom"
						},
						"1.0833": {
							"post": [-0.57113, 3.4683, -0.59005],
							"lerp_mode": "catmullrom"
						},
						"1.125": {
							"post": [-0.65908, 3.64263, -0.54245],
							"lerp_mode": "catmullrom"
						},