{
	"format_version": "1.8.0",
	"animations": {
		"idle": {
			"loop": true,
			"bones": {
				"left_arm": {
					"rotation": [56.81456, -10.63291, 275.03171],
					"position": [-3, -5, -2]
				},
				"right_arm": {
					"rotation": [-275.12925, -4.78083, 1.73257],
					"position": [5, -3.5, 2]
				}
			}
		},
		"shoot": {
			"loop": true,
			"animation_length": 0.2083,
			"bones": {
				"gun_body": {
					"rotation": {
						"0.0": [0, 0, 0],
						"0.0833": [-4.99527, -0.21782, -2.4905],
						"0.1667": [1.25119, 0.05458, 4.37619],
						"0.2083": [0, 0, 0]
					},
					"position": {
						"0.0": [0, 0, 1],
						"0.0833": [0, 0, 1.67],
						"0.2083": [0, 0, 0]
					}
				},
				"bolt": {
					"position": {
						"0.0": [0, 0, 1.5],
						"0.0833": [0, 0, 0],
						"0.2083": [0, 0, 0]
					}
				},
				"left_arm": {
					"rotation": {
						"0.0": [56.81456, -10.63291, 275.03171],
						"0.0833": [56.81456, -10.63291, 275.03171],
						"0.2083": [56.81456, -10.63291, 275.03171]
					},
					"position": {
						"0.0": [-3, -5, -2],
						"0.2083": [-3, -5, -2]
					}
				},
				"right_arm": {
					"rotation": {
						"0.0": [-275.12925, -4.78083, 1.73257],
						"0.0833": [-265.12925, -4.78083, 1.73257],
						"0.2083": [-275.12925, -4.78083, 1.73257]
					},
					"position": {
						"0.0": [5, -3.5, 2],
						"0.0833": [5, -3, 2],
						"0.2083": [5, -3.5, 2]
					}
				}
			}
		},
		"aim_shoot": {
			"loop": true,
			"animation_length": 0.2083,
			"bones": {
				"gun_body": {
					"rotation": {
						"0.0": [0, 0, 0],
						"0.0833": [-4.99527, -0.21782, -0.5],
						"0.1667": [1.25119, 0.05458, 1],
						"0.2083": [0, 0, 0]
					},
					"position": {
						"0.0": [0, 0, 1],
						"0.0833": [0, 0, 1.67],
						"0.2083": [0, 0, 0]
					}
				},
				"bolt": {
					"position": {
						"0.0": [0, 0, 1.5],
						"0.0833": [0, 0, 0],
						"0.2083": [0, 0, 0]
					}
				},
				"left_arm": {
					"rotation": {
						"0.0": [56.81456, -10.63291, 275.03171],
						"0.0833": [56.81456, -10.63291, 275.03171],
						"0.2083": [56.81456, -10.63291, 275.03171]
					},
					"position": {
						"0.0": [-3, -5, -2],
						"0.2083": [-3, -5, -2]
					}
				},
				"right_arm": {
					"rotation": {
						"0.0": [-275.12925, -4.78083, 1.73257],
						"0.0833": [-265.12925, -4.78083, 1.73257],
						"0.2083": [-275.12925, -4.78083, 1.73257]
					},
					"position": {
						"0.0": [5, -3.5, 2],
						"0.0833": [5, -3, 2],
						"0.2083": [5, -3.5, 2]
					}
				}
			}
		},
		"reload": {
			"animation_length": 2.6667,
			"bones": {
				"gun_body": {
					"rotation": {
						"0.0": [0, 0, 0],
						"0.1667": [-19.07152, -4.14317, -11.80372],
						"0.25": [-18.66131, -5.76092, -16.55267],
						"0.625": [-21.23592, -7.02721, -20.37079],
						"0.8333": [-17.23592, -7.02721, -20.37079],
						"0.9167": [-17.23592, -7.02721, -20.37079],
						"1.2083": [-12.76062, -5.52294, -15.57353],
						"1.5417": [-13.62995, -7.64062, -25.41231],
						"1.625": [-17.62995, -7.64062, -25.41231],
						"1.75": [-17.0771, -8.83352, -29.26767],
						"1.9167": [-4.1538, 0.69314, -0.71345],
						"2.125": [-9.05989, 1.48501, 4.22438],
						"2.25": [-12.70594, 3.50072, 11.47659],
						"2.2917": [-12.70594, 3.50072, 11.47659],
						"2.4167": [-9.88404, 2.43717, 9.13736],
						"2.6667": [0, 0, 0]
					},
					"position": {
						"0.0": [0, 0, 0],
						"0.1667": [0, 1.6, -1],
						"0.25": [-0.05411, 1.83007, -0.91853],
						"0.625": [0.10035, 1.38049, -0.07918],
						"0.8333": [0.10035, 1.38049, -0.07918],
						"1.2083": [-0.46464, 3.24758, -0.64029],
						"1.5417": [-0.57113, 3.4683, -0.59005],
						"1.5833": [-0.65908, 3.64263, -0.54245],
						"1.75": [-0.76133, 3.80237, -0.48196],
						"1.9167": [-0.25333, 1.98816, 0.22982],
						"2.125": [-0.24028, 1.93579, 1.47798],
						"2.25": [-0.18, 1.45, 2.73],
						"2.2917": [-0.18, 1.45, 2.83],
						"2.4167": [-0.12, 0.47, 0.49],
						"2.6667": [0, 0, 0]
					}
				},
				"bolt": {
					"position": {
						"2.1667": [0, 0, 0],
						"2.3333": [0, 0, 1.5],
						"2.375": [0, 0, 1.5],
						"2.5417": [0, 0, 0]
					}
				},
				"magazines": {
					"rotation": {
						"0.25": [0, 0, 0],
						"0.4583": [0, 0, 0],
						"0.5833": [17.5, 0, 0],
						"0.7083": [50, 0, 0],
						"0.875": [50, 0, 0],
						"1.0417": [17.5, 0, 0],
						"1.1667": [0, 0, 0],
						"1.3333": [0, 0, 0],
						"1.5417": [0, 0, 0]
					},
					"position": {
						"0.0": [0, 0, 0],
						"0.25": [0, 0, 0],
						"0.375": [0, -2.75, 1],
						"0.5417": [0, -4.75, 2],
						"0.7083": [0, -6.75, 1.5],
						"0.7917": [0, -8.03558, 3.03209],
						"0.9167": [0, -8.03558, 3.03209],
						"1.0": [0, -6.75, 1.5],
						"1.2083": [0, -4.75, 2],
						"1.2917": [0, -3.17, 1.33],
						"1.4167": [0, -1.27, 0.53],
						"1.4583": [0, 0, 0]
					}
				},
				"left_arm": {
					"rotation": {
						"0.0": [56.81456, -10.63291, 275.03171],
						"1.6667": [56.81456, -10.63291, 275.03171],
						"2.0417": [76.73217, -37.18759, 253.38886],
						"2.1667": [106.17919, -43.10485, 219.44747],
						"2.3333": [144.12206, 1.05094, 163.91396],
						"2.6667": [56.81456, -10.63291, 275.03171]
					},
					"position": {
						"0.0": [-3, -5, -2],
						"0.25": [-4, -8, 3],
						"1.6667": [-4, -8, 3],
						"2.0417": [-2.08034, -4.03549, -1.42462],
						"2.1667": [-2.54, -4.46, -1.9],
						"2.3333": [-2.54, -4.46, -1.9],
						"2.6667": [-3, -5, -2]
					}
				},
				"right_arm": {
					"rotation": {
						"0.0": [-275.12925, -4.78083, 1.73257],
						"2.625": [-275.12925, -4.78083, 1.73257]
					},
					"position": {
						"0.0": [5, -3.5, 2],
						"2.625": [5, -3.5, 2]
					}
				}
			}
		},
		"draw": {
			"animation_length": 1.2083,
			"bones": {
				"gun_body": {
					"rotation": {
						"0.0": [27.5, -40, 0],
						"0.1667": [15.27778, -22.22222, 0],
						"0.3333": [3.35825, -4.22059, -4.00518],
						"0.4167": [0, 0, 0]
					},
					"position": {
						"0.0": [5, -5, 0],
						"0.1667": [2.5, -2, -3],
						"0.3333": [0.5, -0.4, -0.7],
						"0.4167": [0, 0, 0]
					}
				},
				"left_arm": {
					"rotation": [56.81456, -10.63291, 275.03171],
					"position": [-3, -5, -2]
				},
				"right_arm": {
					"rotation": [-275.12925, -4.78083, 1.73257],
					"position": [5, -3.5, 2]
				}
			}
		},
		"inspect": {
			"loop": true,
			"bones": {
				"left_arm": {
					"rotation": [56.81456, -10.63291, 275.03171],
					"position": [-3, -5, -2]
				},
				"right_arm": {
					"rotation": [-275.12925, -4.78083, 1.73257],
					"position": [5, -3.5, 2]
				}
			}
		}
	}
}