{
	"format_version": "1.8.0",
	"animations": {
		"idle": {
			"loop": true,
			"bones": {
				"left_arm": {
					"rotation": [56.81456, -10.63291, 275.03171],
					"position": [-3, -5, -2]
				},
				"right_arm": {
					"rotation": [-275.12925, -4.78083, 1.73257],
					"position": [5, -3, 4]
				}
			}
		},
		"shoot": {
			"loop": true,
			"animation_length": 0.2083,
			"bones": {
				"gun_body": {
					"rotation": {
						"0.0": [0, 0, 0],
						"0.0833": [-4.99527, -0.21782, -2.4905],
						"0.1667": [1.25119, 0.05458, 4.37619],
						"0.2083": [0, 0, 0]
					},
					"position": {
						"0.0": [0, 0, 1],
						"0.0833": [0, 0, 1.67],
						"0.2083": [0, 0, 0]
					}
				},
				"bolt": {
					"position": {
						"0.0": [0, 0, 1.5],
						"0.0833": [0, 0, 0],
						"0.2083": [0, 0, 0]
					}
				},
				"left_arm": {
					"rotation": {
						"0.0": [56.81456, -10.63291, 275.03171],
						"0.0833": [56.81456, -10.63291, 275.03171],
						"0.2083": [56.81456, -10.63291, 275.03171]
					},
					"position": {
						"0.0": [-3, -5, -2],
						"0.2083": [-3, -5, -2]
					}
				},
				"right_arm": {
					"rotation": {
						"0.0": [-275.12925, -4.78083, 1.73257],
						"0.0833": [-265.12925, -4.78083, 1.73257],
						"0.2083": [-275.12925, -4.78083, 1.73257]
					},
					"position": {
						"0.0": [5, -3, 4],
						"0.0833": [5, -2.5, 4],
						"0.2083": [5, -3, 4]
					}
				}
			}
		},
		"aim_shoot": {
			"loop": true,
			"animation_length": 0.2083,
			"bones": {
				"gun_body": {
					"rotation": {
						"0.0": [0, 0, 0],
						"0.0833": [-4.99527, -0.21782, -0.5],
						"0.1667": [1.25119, 0.05458, 1],
						"0.2083": [0, 0, 0]
					},
					"position": {
						"0.0": [0, 0, 1],
						"0.0833": [0, 0, 1.67],
						"0.2083": [0, 0, 0]
					}
				},
				"bolt": {
					"position": {
						"0.0": [0, 0, 1.5],
						"0.0833": [0, 0, 0],
						"0.2083": [0, 0, 0]
					}
				},
				"left_arm": {
					"rotation": {
						"0.0": [56.81456, -10.63291, 275.03171],
						"0.0833": [56.81456, -10.63291, 275.03171],
						"0.2083": [56.81456, -10.63291, 275.03171]
					},
					"position": {
						"0.0": [-3, -5, -2],
						"0.2083": [-3, -5, -2]
					}
				},
				"right_arm": {
					"rotation": {
						"0.0": [-275.12925, -4.78083, 1.73257],
						"0.0833": [-265.12925, -4.78083, 1.73257],
						"0.2083": [-275.12925, -4.78083, 1.73257]
					},
					"position": {
						"0.0": [5, -3, 4],
						"0.0833": [5, -2.5, 4],
						"0.2083": [5, -3, 4]
					}
				}
			}
		},
		"reload": {
			"animation_length": 2.0417,
			"bones": {
				"gun_body": {
					"rotation": {
						"0.0": [0, 0, 0],
						"0.1667": [-19.07152, -4.14317, -11.80372],
						"0.25": [-18.66131, -5.76092, -16.55267],
						"0.4583": [-21.23592, -7.02721, -20.37079],
						"0.625": [-17.23592, -7.02721, -20.37079],
						"0.7083": [-17.23592, -7.02721, -20.37079],
						"0.875": [-12.76062, -5.52294, -15.57353],
						"1.0833": [-13.62995, -7.64062, -25.41231],
						"1.1667": [-17.62995, -7.64062, -25.41231],
						"1.2917": [-17.0771, -8.83352, -29.26767],
						"1.4583": [-4.1538, 0.69314, -0.71345],
						"1.625": [-9.05989, 1.48501, 4.22438],
						"1.75": [-12.70594, 3.50072, 11.47659],
						"1.7917": [-12.70594, 3.50072, 11.47659],
						"1.9167": [-9.88404, 2.43717, 9.13736],
						"2.0417": [0, 0, 0]
					},
					"position": {
						"0.0": [0, 0, 0],
						"0.1667": [0, 1.6, -1],
						"0.25": [-0.05411, 1.83007, -0.91853],
						"0.4583": [0.10035, 1.38049, -0.07918],
						"0.625": [0.10035, 1.38049, -0.07918],
						"0.875": [-0.46464, 3.24758, -0.64029],
						"1.0833": [-0.57113, 3.4683, -0.59005],
						"1.125": [-0.65908, 3.64263, -0.54245],
						"1.2917": [-0.76133, 3.80237, -0.48196],
						"1.4583": [-0.25333, 1.98816, 0.22982],
						"1.625": [-0.24028, 1.93579, 1.47798],
						"1.75": [-0.18, 1.45, 2.73],
						"1.7917": [-0.18, 1.45, 2.83],
						"1.9167": [-0.12, 0.47, 0.49],
						"2.0417": [0, 0, 0]
					}
				},
				"bolt": {
					"position": {
						"1.6667": [0, 0, 0],
						"1.8333": [0, 0, 1.5],
						"1.875": [0, 0, 1.5],
						"2.0417": [0, 0, 0]
					}
				},
				"magazines": {
					"rotation": {
						"0.25": [0, 0, 0],
						"0.3333": [0, 0, 0],
						"0.4583": [17.5, 0, 0],
						"0.5417": [50, 0, 0],
						"0.6667": [50, 0, 0],
						"0.7917": [17.5, 0, 0],
						"0.875": [0, 0, 0],
						"0.9583": [0, 0, 0],
						"1.0833": [0, 0, 0]
					},
					"position": {
						"0.0": [0, 0, 0],
						"0.25": [0, 0, 0],
						"0.3333": [0, -2.75, 1],
						"0.4167": [0, -4.75, 2],
						"0.5417": [0, -6.75, 1.5],
						"0.625": [0, -8.03558, 3.03209],
						"0.7083": [0, -8.03558, 3.03209],
						"0.7917": [0, -6.75, 1.5],
						"0.875": [0, -4.75, 2],
						"0.9583": [0, -1.27, 0.53],
						"1.0": [0, 0, 0]
					}
				},
				"left_arm": {
					"rotation": {
						"0.0": [56.81456, -10.63291, 275.03171],
						"1.2083": [56.81456, -10.63291, 275.03171],
						"1.5417": [142.20549, -24.46594, 167.05881],
						"1.6667": [141.76792, -26.07936, 172.09348],
						"1.8333": [154.18536, -0.00116, 159.02682],
						"2.0417": [56.81456, -10.63291, 275.03171]
					},
					"position": {
						"0.0": [-3, -5, -2],
						"0.25": [-4, -8, 3],
						"1.2083": [-4, -8, 3],
						"1.5417": [-2.08034, -6.03549, -1.42462],
						"1.6667": [-2.54, -6.46, -1.9],
						"1.8333": [-2.54, -6.46, -1.9],
						"2.0417": [-3, -5, -2]
					}
				},
				"right_arm": {
					"rotation": {
						"0.0": [-275.12925, -4.78083, 1.73257],
						"2.0417": [-275.12925, -4.78083, 1.73257]
					},
					"position": {
						"0.0": [5, -3, 4],
						"0.7083": [5.25, -3.16, 3.89],
						"1.0833": [5.25, -3, 3.83],
						"1.4583": [5.25, -3, 4.2],
						"2.0417": [5, -3, 4]
					}
				}
			},
			"sound_effects": {
				"0.2917": {
					"effect": "reload_mag_out"
				},
				"1.0833": {
					"effect": "reload_mag_in"
				},
				"1.6667": {
					"effect": "rack"
				}
			},
			"particle_effects": {
				"2.0": {
					"effect": "loaded"
				}
			}
		},
		"draw": {
			"animation_length": 1.2083,
			"bones": {
				"gun_body": {
					"rotation": {
						"0.0": [27.5, -40, 0],
						"0.1667": [15.27778, -22.22222, 0],
						"0.3333": [3.35825, -4.22059, -4.00518],
						"0.4167": [0, 0, 0]
					},
					"position": {
						"0.0": [5, -5, 0],
						"0.1667": [2.5, -2, -3],
						"0.3333": [0.5, -0.4, -0.7],
						"0.4167": [0, 0, 0]
					}
				},
				"left_arm": {
					"rotation": [56.81456, -10.63291, 275.03171],
					"position": [-3, -5, -2]
				},
				"right_arm": {
					"rotation": [-275.12925, -4.78083, 1.73257],
					"position": [5, -3.5, 4]
				}
			}
		},
		"inspect": {
			"loop": true,
			"animation_length": 0.5,
			"bones": {
				"left_arm": {
					"rotation": [56.81456, -10.63291, 275.03171],
					"position": [-3, -5, -2]
				},
				"right_arm": {
					"rotation": [-275.12925, -4.78083, 1.73257],
					"position": [5, -3.5, 4]
				},
				"gun_body": {
					"rotation": {
						"0.0": [0, 0, 0],
						"0.25": [-32.5, 0, 0],
						"0.5": [0, 0, 0]
					}
				}
			}
		}
	}
}