{
	"format_version": "1.8.0",
	"animations": {
		"inspect": {
			"animation_length": 6.0417,
			"bones": {
				"isg": {
					"rotation": [-3.98483, 0.34834, 7.48788],
					"position": [0, -1, 0]
				},
				"bolt": {
					"position": [0, 0, 0]
				},
				"left_arm": {
					"rotation": [71.70612, 16.66577, -5.41615],
					"position": [-0.25, -2, -4]
				},
				"right_arm": {
					"rotation": [82.47168, -4.95712, 0.65426],
					"position": [6, -3.75, 3]
				}
			}
		},
		"idle": {
			"animation_length": 6.0417,
			"bones": {
				"isg": {
					"rotation": [-3.98483, 0.34834, 7.48788],
					"position": [0, -1, 0]
				},
				"bolt": {
					"position": [0, 0, 0]
				},
				"left_arm": {
					"rotation": [71.70612, 16.66577, -5.41615],
					"position": [-0.25, -2, -4]
				},
				"right_arm": {
					"rotation": [82.47168, -4.95712, 0.65426],
					"position": [6, -3.75, 3]
				}
			}
		},
		"aim_shoot": {
			"loop": true,
			"animation_length": 0.2083,
			"bones": {
				"isg": {
					"rotation": {
						"0.0": {
							"post": [-3.98483, 0.34834, 7.48788],
							"lerp_mode": "catmullrom"
						},
						"0.0417": {
							"post": [-4.95746, 0.64314, 7.97399],
							"lerp_mode": "catmullrom"
						},
						"0.0833": {
							"post": [-4.47882, 0.34606, 5.58776],
							"lerp_mode": "catmullrom"
						},
						"0.125": {
							"post": [-2.00006, 0.04896, 3.20134],
							"lerp_mode": "catmullrom"
						},
						"0.1667": {
							"post": [-1.99244, 0.19865, 5.34461],
							"lerp_mode": "catmullrom"
						},
						"0.2083": {
							"post": [-3.98483, 0.34834, 7.48788],
							"lerp_mode": "catmullrom"
						}
					},
					"position": {
						"0.0": {
							"post": [0, -1, 0.2],
							"lerp_mode": "catmullrom"
						},
						"0.0417": {
							"post": [0, -1, 1],
							"lerp_mode": "catmullrom"
						},
						"0.1667": {
							"post": [0, -1, 0],
							"lerp_mode": "catmullrom"
						},
						"0.2083": {
							"post": [0, -1, 0],
							"lerp_mode": "catmullrom"
						}
					}
				},
				"bolt": {
					"position": {
						"0.0": [0, 0.17431, 1.99239],
						"0.0417": [0, 0.17431, 1.99239],
						"0.0833": [0, 0, 0],
						"0.2083": [0, 0, 0]
					}
				},
				"left_arm": {
					"rotation": {
						"0.0": {
							"post": [71.70612, 16.66577, -5.41615],
							"lerp_mode": "catmullrom"
						},
						"0.2083": {
							"post": [71.70612, 16.66577, -5.41615],
							"lerp_mode": "catmullrom"
						}
					},
					"position": {
						"0.0": {
							"post": [-0.25, -2, -4],
							"lerp_mode": "catmullrom"
						},
						"0.2083": {
							"post": [-0.25, -2, -4],
							"lerp_mode": "catmullrom"
						}
					}
				},
				"right_arm": {
					"rotation": {
						"0.0": {
							"post": [82.47168, -4.95712, 0.65426],
							"lerp_mode": "catmullrom"
						},
						"0.2083": {
							"post": [82.47168, -4.95712, 0.65426],
							"lerp_mode": "catmullrom"
						}
					},
					"position": {
						"0.0": {
							"post": [5.75, -3.75, 3],
							"lerp_mode": "catmullrom"
						},
						"0.2083": {
							"post": [6, -3.75, 3],
							"lerp_mode": "catmullrom"
						}
					}
				}
			}
		},
		"reload": {
			"animation_length": 1.5,
			"bones": {
				"isg": {
					"rotation": {
						"0.0": [-3.98483, 0.34834, 7.48788],
						"0.1667": [-18.31232, 7.8621, 9.74711],
						"0.2083": [-22.24912, 8.8006, 5.97962],
						"0.25": [-22.5873, 7.84706, 5.64398],
						"0.2917": [-22.88533, 6.8807, 5.3191],
						"0.4583": [-16.81192, 7.95388, 10.26533],
						"0.75": [-15.64531, 8.62625, 9.01205],
						"1.125": [-16.43109, 9.4907, 7.4007],
						"1.1667": [-21.02249, 10.39599, 12.2666],
						"1.3333": [-15.17247, 5.72783, 3.0514],
						"1.5": [-3.98483, 0.34834, 7.48788]
					},
					"position": {
						"0.0": [0, -1, 0],
						"0.2083": [-0.60141, -0.09257, 0],
						"0.4583": [-0.52482, -0.82843, 0],
						"0.8333": [-0.21929, -1.53372, 0],
						"1.0833": [-0.42, -0.65, 0],
						"1.1667": [-0.42463, 0.70007, 0],
						"1.3333": [0.01, -0.03, 0],
						"1.5": [0, -1, 0]
					}
				},
				"bolt": {
					"position": {
						"0.0": [0, 0, 0],
						"1.5": [0, 0, 0]
					}
				},
				"magazine": {
					"rotation": {
						"0.0": [0, 0, 0],
						"0.2083": [0, 0, 0],
						"0.2917": [0.39938, 1.77434, -4.11008],
						"0.4167": [-0.04718, 12.88517, -29.90511],
						"0.7083": [0.4137, 11.01975, -25.1914],
						"0.9583": [0.83162, 5.99199, -13.689],
						"1.0833": [0.39938, 1.77434, -4.11008],
						"1.125": [0, 0, 0],
						"1.5": [0, 0, 0]
					},
					"position": {
						"0.0": [0, 0, 0],
						"0.2083": [0, 0, 0],
						"0.2917": [-0.25, 0, 0],
						"0.4167": [-2, 0, 0],
						"0.7083": [1.03108, -11.20046, 0.6514],
						"0.9583": [-1, 0, 0],
						"1.0833": [-0.25, 0, 0],
						"1.125": [0, 0, 0],
						"1.5": [0, 0, 0]
					}
				},
				"left_arm": {
					"rotation": {
						"0.0": [71.70612, 16.66577, -5.41615],
						"1.5": [71.70612, 16.66577, -5.41615]
					},
					"position": {
						"0.0": [-0.25, -2, -4],
						"1.5": [-0.25, -2, -4]
					}
				},
				"right_arm": {
					"rotation": {
						"0.0": [82.47168, -4.95712, 0.65426],
						"0.0833": [70.59368, 1.81635, -1.80052],
						"0.1667": [59.97168, -4.95712, 0.65426],
						"0.2083": [59.97168, -4.95712, 0.65426],
						"0.25": [60.18343, -6.20434, -1.52277],
						"0.2917": [62.93735, -4.61482, 1.0384],
						"0.4583": [87.10358, -5.68061, -24.70115],
						"0.7083": [104.60358, -5.68061, -24.70115],
						"0.9583": [76.84207, -10.30124, -5.04388],
						"1.0833": [74.67078, -6.58998, 9.6527],
						"1.125": [74.1712, -5.24634, 14.49472],
						"1.2917": [87.8603, -5.1178, 8.34341],
						"1.5": [82.47168, -4.95712, 0.65426]
					},
					"position": {
						"0.0": [6, -3.75, 3],
						"0.0833": [3.7, -4.5, 1.85],
						"0.1667": [2, -3.75, 1],
						"0.2083": [2, -3.75, 1],
						"0.4583": [2, -3.75, 2],
						"0.7083": [4, -11.75, 3],
						"0.9583": [1, -2.75, 2.5],
						"1.125": [1.5, -2.75, 2.5],
						"1.2917": [2.5, -3.19, 2.72],
						"1.5": [6, -3.75, 3]
					}
				}
			}
		},
		"shoot": {
			"loop": true,
			"animation_length": 0.2083,
			"bones": {
				"isg": {
					"rotation": {
						"0.0": {
							"post": [-3.98483, 0.34834, 7.48788],
							"lerp_mode": "catmullrom"
						},
						"0.0417": {
							"post": [-4.95746, 0.64314, 7.97399],
							"lerp_mode": "catmullrom"
						},
						"0.0833": {
							"post": [-4.47882, 0.34606, 5.58776],
							"lerp_mode": "catmullrom"
						},
						"0.125": {
							"post": [-2.00006, 0.04896, 3.20134],
							"lerp_mode": "catmullrom"
						},
						"0.1667": {
							"post": [-1.99244, 0.19865, 5.34461],
							"lerp_mode": "catmullrom"
						},
						"0.2083": {
							"post": [-3.98483, 0.34834, 7.48788],
							"lerp_mode": "catmullrom"
						}
					},
					"position": {
						"0.0": {
							"post": [0, -1, 0.2],
							"lerp_mode": "catmullrom"
						},
						"0.0417": {
							"post": [0, -1, 1],
							"lerp_mode": "catmullrom"
						},
						"0.1667": {
							"post": [0, -1, 0],
							"lerp_mode": "catmullrom"
						},
						"0.2083": {
							"post": [0, -1, 0],
							"lerp_mode": "catmullrom"
						}
					}
				},
				"bolt": {
					"position": {
						"0.0": [0, 0.17431, 1.99239],
						"0.0417": [0, 0.17431, 1.99239],
						"0.0833": [0, 0, 0],
						"0.2083": [0, 0, 0]
					}
				},
				"left_arm": {
					"rotation": {
						"0.0": {
							"post": [71.70612, 16.66577, -5.41615],
							"lerp_mode": "catmullrom"
						},
						"0.2083": {
							"post": [71.70612, 16.66577, -5.41615],
							"lerp_mode": "catmullrom"
						}
					},
					"position": {
						"0.0": {
							"post": [-0.25, -2, -4],
							"lerp_mode": "catmullrom"
						},
						"0.2083": {
							"post": [-0.25, -2, -4],
							"lerp_mode": "catmullrom"
						}
					}
				},
				"right_arm": {
					"rotation": {
						"0.0": {
							"post": [82.47168, -4.95712, 0.65426],
							"lerp_mode": "catmullrom"
						},