{
	"format_version": "1.8.0",
	"animations": {
		"inspect": {
			"animation_length": 6.7917,
			"bones": {
				"left_arm": {
					"rotation": {
						"0.0": [107.5, 17.5, 90],
						"0.3333": [85.8456, -15.4395, 218.0426],
						"0.5": [84.29, -23.9203, 237.4966],
						"2.0": [84.29, -23.9203, 237.4966],
						"3.0": [52.1624, -23.2512, 275.8488],
						"4.875": [63.0053, -35.4784, 254.0634],
						"5.5": [104.459, 3.3024, 140.4665],
						"5.7917": [108.5483, 25.6169, 92.8388],
						"5.9583": [107.5, 17.5, 90]
					},
					"position": {
						"0.0": [-0.25, -1.25, -4],
						"0.0833": [-0.65, -2.69, -3.17],
						"0.3333": [-1.83, -7, -4.67],
						"0.5": [-2.5, -7.75, -5],
						"2.0": [-2, -7.75, -5],
						"3.0": [-1.75, -8.25, -6],
						"4.875": [-2, -8.5, -6],
						"5.5": [-1, -4.36, -2.61],
						"5.7917": [-0.25, -1.25, -2],
						"5.9583": [-0.25, -1.25, -4]
					},
					"scale": 1
				},
				"right_arm": {
					"rotation": {
						"0.0": [82.47168, -4.95712, 0.65426],
						"6.5": [82.47168, -4.95712, 0.65426]
					},
					"position": {
						"0.0": [6, -3.75, 3],
						"6.5": [6, -3.75, 3]
					},
					"scale": {
						"0.0": {
							"post": [1, 1, 1],
							"lerp_mode": "catmullrom"
						},
						"6.5": {
							"post": [1, 1, 1],
							"lerp_mode": "catmullrom"
						}
					}
				},
				"gun_body": {
					"rotation": {
						"0.0": {
							"post": [-3.98483, 0.34834, 7.48788],
							"lerp_mode": "catmullrom"
						},
						"1.0": {
							"post": [3.4513, -0.6293, 7.4696],
							"lerp_mode": "catmullrom"
						},
						"2.0": {
							"post": [-7.9445, -14.6747, -12.8086],
							"lerp_mode": "catmullrom"
						},
						"3.0": {
							"post": [-9.6274, -36.9196, -9.0152],
							"lerp_mode": "catmullrom"
						},
						"4.0": {
							"post": [-5.3714, -53.1506, -17.0574],
							"lerp_mode": "catmullrom"
						},
						"5.0417": {
							"post": [-0.6913, -52.1773, -20.7794],
							"lerp_mode": "catmullrom"
						},
						"6.0833": {
							"post": [0.97257, -0.30376, 7.48978],
							"lerp_mode": "catmullrom"
						},
						"6.7917": {
							"post": [-3.98483, 0.34834, 7.48788],
							"lerp_mode": "catmullrom"
						}
					},
					"position": {
						"0.0": {
							"post": [0, -1, 1],
							"lerp_mode": "catmullrom"
						},
						"1.0": {
							"post": [0, -1.5, 1],
							"lerp_mode": "catmullrom"
						},
						"2.0": {
							"post": [0, -1, 1],
							"lerp_mode": "catmullrom"
						},
						"3.0": {
							"post": [2, 0, 1],
							"lerp_mode": "catmullrom"
						},
						"5.0417": {
							"post": [2, 0, 1.5],
							"lerp_mode": "catmullrom"
						},
						"5.4583": {
							"post": [0.86, -1.07, 1.24],
							"lerp_mode": "catmullrom"
						},
						"6.0833": {
							"post": [0, -1.2, 1],
							"lerp_mode": "catmullrom"
						},
						"6.7917": {
							"post": [0, -1, 1],
							"lerp_mode": "catmullrom"
						}
					}
				}
			}
		},
		"idle": {
			"animation_length": 6.0417,
			"bones": {
				"isg": {
					"rotation": [-3.98483, 0.34834, 7.48788],
					"position": [0, -1, 0]
				},
				"bolt": {
					"position": [0, 0, 0]
				},
				"left_arm": {
					"rotation": [107.5, 17.5, 90],
					"position": [-0.25, -1.25, -4]
				},
				"right_arm": {
					"rotation": [82.47168, -4.95712, 0.65426],
					"position": [6, -3.75, 3]
				},
				"gun_body": {
					"rotation": [-3.98483, 0.34834, 7.48788],
					"position": [0, -1, 1]
				}
			}
		},
		"aim_shoot": {
			"loop": true,
			"animation_length": 0.2083,
			"bones": {
				"left_arm": {
					"rotation": {
						"0.0": [107.5, 17.5, 90],
						"0.2083": [107.5, 17.5, 90]
					},
					"position": {
						"0.0": [-0.25, -1.25, -4],
						"0.2083": [-0.25, -1.25, -4]
					}
				},
				"right_arm": {
					"rotation": {
						"0.0": {
							"post": [82.47168, -4.95712, 0.65426],
							"lerp_mode": "catmullrom"
						},
						"0.2083": {
							"post": [82.47168, -4.95712, 0.65426],
							"lerp_mode": "catmullrom"
						}
					},
					"position": {
						"0.0": {
							"post": [5.75, -3.75, 3],
							"lerp_mode": "catmullrom"
						},
						"0.2083": {
							"post": [6, -3.75, 3],
							"lerp_mode": "catmullrom"
						}
					}
				},
				"gun_body": {
					"rotation": {
						"0.0": {
							"post": [-3.98483, 0.34834, 7.48788],
							"lerp_mode": "catmullrom"
						},
						"0.0417": {
							"post": [-4.95746, 0.64314, 7.97399],
							"lerp_mode": "catmullrom"
						},
						"0.0833": {
							"post": [-4.47882, 0.34606, 5.58776],
							"lerp_mode": "catmullrom"
						},
						"0.125": {
							"post": [-2.00006, 0.04896, 3.20134],
							"lerp_mode": "catmullrom"
						},
						"0.1667": {
							"post": [-1.99244, 0.19865, 5.34461],
							"lerp_mode": "catmullrom"
						},
						"0.2083": {
							"post": [-3.98483, 0.34834, 7.48788],
							"lerp_mode": "catmullrom"
						}
					},
					"position": {
						"0.0": {
							"post": [0, -1, 1.2],
							"lerp_mode": "catmullrom"
						},
						"0.0417": {
							"post": [0, -1, 2],
							"lerp_mode": "catmullrom"
						},
						"0.1667": {
							"post": [0, -1, 1],
							"lerp_mode": "catmullrom"
						},
						"0.2083": {
							"post": [0, -1, 1],
							"lerp_mode": "catmullrom"
						}
					}
				}
			}
		},
		"reload": {
			"animation_length": 1.5,
			"bones": {
				"left_arm": {
					"rotation": {
						"0.0": [107.5, 17.5, 90],
						"1.5": [71.70612, 16.66577, -5.41615]
					},
					"position": {
						"0.0": [-0.25, -1.25, -4],
						"1.5": [-0.25, -2, -4]
					}
				},
				"right_arm": {
					"rotation": {
						"0.0": [82.47168, -4.95712, 0.65426],
						"0.0833": [70.59368, 1.81635, -1.80052],
						"0.1667": [59.97168, -4.95712, 0.65426],
						"0.2083": [59.97168, -4.95712, 0.65426],
						"0.25": [60.18343, -6.20434, -1.52277],
						"0.2917": [62.93735, -4.61482, 1.0384],
						"0.4583": [87.10358, -5.68061, -24.70115],
						"0.7083": [104.60358, -5.68061, -24.70115],
						"0.9583": [76.84207, -10.30124, -5.04388],
						"1.0833": [74.67078, -6.58998, 9.6527],
						"1.125": [74.1712, -5.24634, 14.49472],
						"1.2917": [87.8603, -5.1178, 8.34341],
						"1.5": [82.47168, -4.95712, 0.65426]
					},
					"position": {
						"0.0": [6, -3.75, 3],
						"0.0833": [3.7, -4.5, 1.85],
						"0.1667": [2, -3.75, 1],
						"0.2083": [2, -3.75, 1],
						"0.4583": [2, -3.75, 2],
						"0.7083": [4, -11.75, 3],
						"0.9583": [1, -2.75, 2.5],
						"1.125": [1.5, -2.75, 2.5],
						"1.2917": [2.5, -3.19, 2.72],
						"1.5": [6, -3.75, 3]
					}
				},
				"gun_body": {
					"rotation": {
						"0.0": [-3.98483, 0.34834, 7.48788],
						"0.1667": [-18.31232, 7.8621, 9.74711],
						"0.2083": [-22.24912, 8.8006, 5.97962],
						"0.25": [-22.5873, 7.84706, 5.64398],
						"0.2917": [-22.88533, 6.8807, 5.3191],
						"0.4583": [-16.81192, 7.95388, 10.26533],
						"0.75": [-15.64531, 8.62625, 9.01205],
						"1.125": [-16.43109, 9.4907, 7.4007],
						"1.1667": [-21.02249, 10.39599, 12.2666],
						"1.3333": [-15.17247, 5.72783, 3.0514],
						"1.5": [-3.98483, 0.34834, 7.48788]
					},
					"position": {
						"0.0": [0, -1, 1],
						"0.2083": [-0.60141, -0.09257, 0],
						"0.4583": [-0.52482, -0.82843, 0],
						"0.8333": [-0.21929, -1.53372, 0],
						"1.0833": [-0.42, -0.65, 0],
						"1.1667": [-0.42463, 0.70007, 0],
						"1.3333": [0.01, -0.03, 0],
						"1.5": [0, -1, 1]
					}
				}
			}
		},
		"shoot": {
			"loop": true,
			"animation_length": 0.2083,
			"bones": {
				"left_arm": {
					"rotation": {
						"0.0": [107.5, 17.5, 90],
						"0.2083": [107.5, 17.5, 90]
					},
					"position": {
						"0.0": [-0.25, -1.25, -4],
						"0.2083": [-0.25, -1.25, -4]
					}
				},
				"right_arm": {
					"rotation": {
						"0.0": {
							"post": [82.47168, -4.95712, 0.65426],
							"lerp_mode": "catmullrom"
						},
						"0.2083": {
							"post": [82.47168, -4.95712, 0.65426],
							"lerp_mode": "catmullrom"
						}
					},