{
	"format_version": "1.8.0",
	"animations": {
		"idle": {
			"loop": true,
			"bones": {
				"left_arm": {
					"rotation": [70, -22.63289, 259.50694],
					"position": [-3.40216, -4.70672, -3.86733]
				},
				"right_arm": {
					"rotation": [90, 7.5, -180],
					"position": [4.99323, -1.75, 3.91763]
				}
			}
		},
		"shoot": {
			"loop": true,
			"animation_length": 0.25,
			"bones": {
				"gun_body": {
					"rotation": {
						"0.0": [-2, 0, 0],
						"0.0417": [-2.33298, -0.04071, -0.99917],
						"0.125": [-2.9959, -0.15694, -2.9959],
						"0.1667": [-1.99878, 0.06978, 1.99878],
						"0.25": [0, 0, 0]
					},
					"position": {
						"0.0": [0, 0, 0.5],
						"0.0833": [0, 0.25, 1.5],
						"0.2083": [0, 0.13, 0.5],
						"0.25": [0, 0, 0]
					}
				},
				"bolt": {
					"position": {
						"0.0": [0, 0, 2],
						"0.0833": [0, 0, 0]
					}
				},
				"left_arm": {
					"rotation": [70, -22.63289, 259.50694],
					"position": [-3.40216, -4.70672, -3.86733]
				},
				"right_arm": {
					"rotation": [90, 7.5, -180],
					"position": [4.99323, -1.75, 3.91763]
				}
			}
		},
		"aim_shoot": {
			"loop": true,
			"animation_length": 0.25,
			"bones": {
				"gun_body": {
					"rotation": {
						"0.0": {
							"post": [-2, 0, 0],
							"lerp_mode": "catmullrom"
						},
						"0.0417": {
							"post": [-2.33298, -0.04071, 0],
							"lerp_mode": "catmullrom"
						},
						"0.125": {
							"post": [-2.9959, -0.15694, -0.1],
							"lerp_mode": "catmullrom"
						},
						"0.1667": {
							"post": [-1.99878, 0.06978, 0.1],
							"lerp_mode": "catmullrom"
						},
						"0.25": {
							"post": [0, 0, 0],
							"lerp_mode": "catmullrom"
						}
					},
					"position": {
						"0.0": {
							"post": [0, 0, 0.5],
							"lerp_mode": "catmullrom"
						},
						"0.0833": {
							"post": [0, 0.25, 1],
							"lerp_mode": "catmullrom"
						},
						"0.2083": {
							"post": [0, 0.13, 0.5],
							"lerp_mode": "catmullrom"
						},
						"0.25": {
							"post": [0, 0, 0],
							"lerp_mode": "catmullrom"
						}
					}
				},
				"bolt": {
					"position": {
						"0.0": [0, 0, 2],
						"0.0833": [0, 0, 0]
					}
				},
				"left_arm": {
					"rotation": [70, -22.63289, 259.50694],
					"position": [-3.40216, -4.70672, -3.86733]
				},
				"right_arm": {
					"rotation": [90, 7.5, -180],
					"position": [4.99323, -1.75, 3.91763]
				}
			}
		},
		"reload": {
			"animation_length": 1.75,
			"bones": {
				"gun_body": {
					"rotation": {
						"0.0": {
							"post": [0, 0, 0],
							"lerp_mode": "catmullrom"
						},
						"0.25": {
							"post": [-10, 0, -5],
							"lerp_mode": "catmullrom"
						},
						"0.5": {
							"post": [-7.0114, 0.26135, -4.99318],
							"lerp_mode": "catmullrom"
						},
						"0.5833": {
							"post": [-5.99823, 0.52279, -0.9991],
							"lerp_mode": "catmullrom"
						},
						"0.6667": {
							"post": [-7.0114, 0.26135, -4.99318],
							"lerp_mode": "catmullrom"
						},
						"0.8333": {
							"post": [-7.98957, 0.05353, -15.99587],
							"lerp_mode": "catmullrom"
						},
						"0.875": {
							"post": [-7.98957, 0.05353, -18.99587],
							"lerp_mode": "catmullrom"
						},
						"1.0833": {
							"post": [-6.32128, 4.89641, 18.23733],
							"lerp_mode": "catmullrom"
						},
						"1.2917": {
							"post": [-7.87724, 5.91813, 28.22971],
							"lerp_mode": "catmullrom"
						},
						"1.375": {
							"post": [-10.9656, 4.95456, 36.10978],
							"lerp_mode": "catmullrom"
						},
						"1.75": {
							"post": [0, 0, 0],
							"lerp_mode": "catmullrom"
						}
					},
					"position": {
						"0.0": {
							"post": [0, 0, 0],
							"lerp_mode": "catmullrom"
						},
						"0.25": {
							"post": [0, 0, 1],
							"lerp_mode": "catmullrom"
						},
						"0.5": {
							"post": [0, -0.25, 1],
							"lerp_mode": "catmullrom"
						},
						"0.5833": {
							"post": [0, -0.45, 1],
							"lerp_mode": "catmullrom"
						},
						"0.6667": {
							"post": [0, -0.25, 1],
							"lerp_mode": "catmullrom"
						},
						"0.8333": {
							"post": [0, -0.15, 1],
							"lerp_mode": "catmullrom"
						},
						"0.875": {
							"post": [0, -0.05, 1],
							"lerp_mode": "catmullrom"
						},
						"1.0833": {
							"post": [0, -0.05, 0.11],
							"lerp_mode": "catmullrom"
						},
						"1.3333": {
							"post": [0, -0.05, 1.25],
							"lerp_mode": "catmullrom"
						},
						"1.75": {
							"post": [0, 0, 0],
							"lerp_mode": "catmullrom"
						}
					}
				},
				"magazines": {
					"rotation": {
						"0.0": [0, 0, 0],
						"0.25": [0, 0, 0],
						"0.2917": [0, 0, 0],
						"0.5417": [10, 0, 0],
						"0.5833": [10, 0, 0],
						"0.8333": [0, 0, 0]
					},
					"position": {
						"0.0": [0, 0, 0],
						"0.25": [0, 0, 0],
						"0.2917": [0, 0, 0],
						"0.5417": [0, -8, 0],
						"0.5833": [0, -8, 0],
						"0.8333": [0, 0, 0]
					}
				},
				"bolt": {
					"position": {
						"1.0833": [0, 0, 0],
						"1.25": [0, 0, 2],
						"1.375": [0, 0, 2],
						"1.5": [0, 0, 0]
					}
				},
				"left_arm": {
					"rotation": {
						"0.0": [70, -22.63289, 259.50694],
						"0.125": {
							"pre": [70, -27.34957, 261.37884],
							"post": [70, -27.34957, 261.37884],
							"lerp_mode": "catmullrom"
						},
						"0.25": {
							"post": [109.56733, -28.35223, 183.3335],
							"lerp_mode": "catmullrom"
						},
						"0.2917": {
							"post": [109.56733, -28.35223, 183.3335],
							"lerp_mode": "catmullrom"
						},
						"0.8333": {
							"post": [109.56733, -28.35223, 183.3335],
							"lerp_mode": "catmullrom"
						},
						"0.875": {
							"post": [109.56733, -28.35223, 183.3335],
							"lerp_mode": "catmullrom"
						},
						"1.0833": {
							"post": [131.13974, -20.81875, 174.98362],
							"lerp_mode": "catmullrom"
						},
						"1.25": {
							"post": [143.63974, -20.81875, 174.98362],
							"lerp_mode": "catmullrom"
						},
						"1.375": {
							"post": [143.63974, -20.81875, 174.98362],
							"lerp_mode": "catmullrom"
						},
						"1.75": [70, -22.63289, 259.50694]
					},
					"position": {
						"0.0": [-3.40216, -4.70672, -3.86733],
						"0.25": {
							"pre": [-3.47644, -6.0235, -0.87889],
							"post": [-3.47644, -6.0235, -0.87889],
							"lerp_mode": "catmullrom"
						},
						"0.2917": {
							"post": [-3.47644, -6.0235, -0.87889],
							"lerp_mode": "catmullrom"
						},
						"0.5417": {
							"post": [-3, -13.94, -0.18],
							"lerp_mode": "catmullrom"
						},
						"0.5833": {
							"post": [-3, -13.94, -0.18],
							"lerp_mode": "catmullrom"
						},
						"0.8333": {
							"post": [-3.47644, -6.0235, -0.87889],
							"lerp_mode": "catmullrom"
						},
						"0.875": {
							"post": [-3.47644, -6.0235, -0.87889],
							"lerp_mode": "catmullrom"
						},
						"1.0833": {
							"post": [-1.93428, -4.90823, -1.69909],
							"lerp_mode": "catmullrom"
						},
						"1.25": {
							"post": [-2.1216, -5.69204, -0.96328],
							"lerp_mode": "catmullrom"
						},
						"1.375": {
							"post": [-2.06328, -5.53814, -0.7751],
							"lerp_mode": "catmullrom"
						},
						"1.4583": {
							"post": [-2.60122, -4.78022, -1.51404],
							"lerp_mode": "catmullrom"
						},
						"1.75": [-3.40216, -4.70672, -3.86733]
					}
				},
				"right_arm": {
					"rotation": {
						"0.0": [90, 7.5, -180],
						"1.75": [90, 7.5, -180]
					},
					"position": {
						"0.0": [4.99323, -1.75, 3.91763],
						"1.75": [4.99323, -1.75, 3.91763]
					}
				}
			},
			"sound_effects": {
				"0.2917": {
					"effect": "reload_mag_out"
				},
				"0.875": {
					"effect": "reload_mag_in"
				},
				"1.2917": {
					"effect": "rack"
				}
			},
			"particle_effects": {
				"1.625": {
					"effect": "loaded"
				}
			}
		},
		"draw": {
			"loop": "hold_on_last_frame",
			"animation_length": 0.5,
			"bones": {
				"gun_body": {
					"rotation": {
						"0.0": {
							"post": [-13.73741, -0.59404, -2.42844],