{
	"format_version": "1.8.0",
	"animations": {
		"idle": {
			"loop": true,
			"bones": {
				"left_arm": {
					"rotation": [66.05739, -29.96852, 272.88614],
					"position": [-4, -7, 0]
				},
				"right_arm": {
					"rotation": [-257.5, 0, 0],
					"position": [6, -1, 7]
				}
			}
		},
		"melee": {
			"animation_length": 0.5,
			"bones": {
				"left_arm": {
					"rotation": {
						"0.0": [66.05739, -29.96852, 272.88614],
						"0.0833": [64.33816, 30.1932, 247.08816],
						"0.2083": [67.35272, -13.56999, 266.2631],
						"0.5": [66.05739, -29.96852, 272.88614]
					},
					"position": {
						"0.0": [-4, -7, 0],
						"0.0833": [-4, -3, 8],
						"0.2083": [-4, -5, 9],
						"0.5": [-4, -7, 0]
					}
				},
				"right_arm": {
					"rotation": {
						"0.0": [-257.5, 0, 0],
						"0.0833": [-200, 0, 0],
						"0.2083": [-282.47846, -7.49282, -0.32902],
						"0.2917": [-267.47846, -7.49282, -0.32902],
						"0.5": [-257.5, 0, 0]
					},
					"position": {
						"0.0": [6, -1, 7],
						"0.0833": [6, 3, 4],
						"0.2083": [5.5, -3, 7],
						"0.2917": [5.5, -1, 8],
						"0.5": [6, -1, 7]
					}
				},
				"gun_body": {
					"rotation": {
						"0.0": [0, 0, 0],
						"0.0833": [-87.5, -15, 0],
						"0.125": [16.05098, -0.15559, 3.31441],
						"0.2083": [21.20557, 0.78987, -7.93537],
						"0.5": [0, 0, 0]
					},
					"position": {
						"0.0": [0, 0, 0],
						"0.0833": [-2.34899, 5.25882, 2.33652],
						"0.125": [1.43011, -1.2488, -7.00624],
						"0.2083": [1.43011, -1.4988, -8.25624],
						"0.2917": [0.95, -2, -4.5],
						"0.5": [0, 0, 0]
					}
				}
			}
		},
		"reload": {
			"animation_length": 1.0833,
			"bones": {
				"left_arm": {
					"rotation": {
						"0.0": [66.05739, -29.96852, 272.88614],
						"0.2083": [107.38209, 7.5536, 272.88614],
						"0.2917": [112.76526, -10.55653, 174.71316],
						"0.375": [30.55459, -73.71157, 318.87392],
						"0.5": [56.14685, -59.73929, 293.67948],
						"0.625": [60.6692, -45.90134, 282.48006],
						"0.6667": [60.6692, -45.90134, 282.48006],
						"0.75": [80.86329, -37.93493, 277.6831],
						"0.8333": [66.05739, -29.96852, 272.88614],
						"1.0833": [66.05739, -29.96852, 272.88614]
					},
					"position": {
						"0.0": [-4, -7, 0],
						"0.2083": [-1.53914, -13.18384, -0.83926],
						"0.375": [-1.7, -5.33, -2.53],
						"0.5": [-2.57545, -3.66357, -4.99349],
						"0.625": [-3.09071, -3.42879, -4.65922],
						"0.6667": [-3.09071, -3.42879, -4.65922],
						"0.8333": [-4, -7, 0],
						"1.0833": [-4, -7, 0]
					}
				},
				"right_arm": {
					"rotation": {
						"0.0": [-257.5, 0, 0],
						"0.2083": [-267.49762, -2.49762, -0.10912],
						"0.5417": [-267.49762, -2.49762, -0.10912],
						"0.9583": [-250, 0, 0],
						"1.0833": [-257.5, 0, 0]
					},
					"position": {
						"0.0": [6, -1, 7],
						"0.5417": [6.06736, -1.04919, 5.99826],
						"0.9583": [6.08401, 0.47885, 5.87939],
						"1.0833": [6, -1, 7]
					}
				},
				"front": {
					"rotation": {
						"0.1667": [0, 0, 0],
						"0.2917": [45, 0, 0],
						"0.6667": [45, 0, 0],
						"0.9167": [0, 0, 0]
					}
				},
				"gun_body": {
					"rotation": {
						"0.0": [0, 0, 0],
						"0.0833": [-5, 0, -10],
						"0.2083": [7.47178, -0.65182, -5.04256],
						"0.2917": [6.80423, -3.1622, 14.81197],
						"0.5": [0.41, -1.93, 9.05],
						"0.5833": [2.41, -1.93, 9.05],
						"0.75": [7.21103, -1.31636, 6.17077],
						"0.875": [-15.87127, -2.0758, -1.51775],
						"0.9583": [-19.86025, -2.40754, -1.41074],
						"1.0833": [0, 0, 0]
					},
					"position": {
						"0.0": [0, 0, 0],
						"0.2917": [0, -2.28, 0.83],
						"0.5": [0, -2.28, 0.83],
						"0.5833": [0, -2.48, 0.63],
						"0.75": [0, -3.48, -0.37],
						"0.875": [-1, -0.48, 1.63],
						"0.9583": [-1, -0.18, 1.73],
						"1.0833": [0, 0, 0]
					}
				}
			},
			"sound_effects": {
				"0.0": {
					"effect": "rustle"
				},
				"0.2083": {
					"effect": "reload_mag_in"
				},
				"0.9167": {
					"effect": "bolt_release"
				},
				"1.0": {
					"effect": "reload_end"
				}
			},
			"particle_effects": {
				"0.625": {
					"effect": "loaded"
				},
				"0.75": {
					"effect": "loop_end"
				},
				"0.875": {
					"effect": "end_reload"
				},
				"0.9583": {
					"effect": "loop_end"
				}
			}
		},
		"fire": {
			"loop": true,
			"animation_length": 0.75,
			"bones": {
				"left_arm": {
					"rotation": {
						"0.0": [66.05739, -29.96852, 272.88614],
						"0.25": [66.05739, -29.96852, 272.88614]
					},
					"position": {
						"0.0": [-4, -7, 0],
						"0.25": [-4, -7, 0]
					}
				},
				"right_arm": {
					"rotation": {
						"0.0": [-257.5, 0, 0],
						"0.25": [-257.5, 0, 0]
					},
					"position": {
						"0.0": [6, -1, 7],
						"0.25": [6, -1, 7]
					}
				},
				"gun_body": {
					"rotation": {
						"0.0": [-1, 0, 0],
						"0.0417": [-0.99939, 0.0349, 1.9997],
						"0.0833": [-3.86437, 0.69866, 4.75702],
						"0.125": [-3.92981, -0.17437, -2.12891],
						"0.1667": [-0.9669, -0.00123, -0.57052],
						"0.2083": [1.99878, -0.06978, 1.99878],
						"0.25": [0, 0, 0]
					},
					"position": {
						"0.0": [-1, 0.4, 0.75],
						"0.0833": [-1, 1, 2],
						"0.2083": [0, 0, 0],
						"0.25": [0, 0, 0]
					}
				}
			}
		},
		"shoot": {
			"loop": true,
			"animation_length": 0.75,
			"bones": {
				"left_arm": {
					"rotation": {
						"0.0": [66.05739, -29.96852, 272.88614],
						"0.25": [66.05739, -29.96852, 272.88614]
					},
					"position": {
						"0.0": [-4, -7, 0],
						"0.25": [-4, -7, 0]
					}
				},
				"right_arm": {
					"rotation": {
						"0.0": [-257.5, 0, 0],
						"0.25": [-257.5, 0, 0]
					},
					"position": {
						"0.0": [6, -1, 7],
						"0.25": [6, -1, 7]
					}
				},
				"gun_body": {
					"rotation": {
						"0.0": [-1, 0, 0],
						"0.0417": [-0.99939, 0.0349, 1.9997],
						"0.0833": [-3.86437, 0.69866, 4.75702],
						"0.125": [-3.92981, -0.17437, -2.12891],
						"0.1667": [-0.9669, -0.00123, -0.57052],
						"0.2083": [1.99878, -0.06978, 1.99878],
						"0.25": [0, 0, 0]
					},
					"position": {
						"0.0": [-1, 0.4, 0.75],
						"0.0833": [-1, 1, 2],
						"0.2083": [0, 0, 0],
						"0.25": [0, 0, 0]
					}
				}
			}
		},
		"draw": {
			"loop": "hold_on_last_frame",
			"animation_length": 0.5,
			"bones": {
				"left_arm": {
					"rotation": {
						"0.0": [73.49165, 22.52422, 273.79429],
						"0.4167": [66.05739, -29.96852, 272.88614]
					},
					"position": {
						"0.0": [6.16267, -15.20952, 7],
						"0.125": [4.08234, -8.28814, 7.73058],
						"0.25": [0.34551, -8.4655, 5.17312],
						"0.4167": [-4, -7, 0]
					}
				},
				"right_arm": {
					"rotation": {
						"0.0": [-257.5, 0, 0],
						"0.1667": [-222.5, 0, 0],
						"0.375": [-257.5, 0, 0]
					},
					"position": {
						"0.0": [6, -1, 7],
						"0.1667": [5.98006, 1.43656, 4.47675],
						"0.375": [6, -1, 7]
					}
				},
				"gun_body": {
					"rotation": {
						"0.0": [-73.82646, -21.69365, -6.1191],
						"0.1667": [-62.33515, -8.78203, 0.55054],
						"0.375": [0, 0, 2],
						"0.5": [0, 0, 0]
					},
					"position": {
						"0.0": [-8, 10, 13],
						"0.1667": [-3.64, 4.55, 0.91],
						"0.375": [0, -0.25, 0],
						"0.5": [0, 0, 0]
					}
				}
			}
		},
		"inspect": {
			"animation_length": 6.3333,
			"bones": {
				"left_arm": {
					"rotation": [66.05739, -29.96852, 272.88614],
					"position": [-4, -7, 0]
				},
				"right_arm": {
					"rotation": [-257.5, 0, 0],
					"position": [6, -1, 7]
				},
				"gun_body": {
					"rotation": {
						"0.0": [0, 0, 0],
						"0.5": [-14.46011, -38.39231, -6.68395],
						"1.0": [-21.32688, -40.85028, 4.57402],
						"1.4583": [-19.46011, -38.39231, -6.68395],
						"2.0833": [25.90742, -34.75781, -76.75224],
						"3.3333": [27.50253, -36.98895, -79.5181],
						"3.5": [30.0534, -35.06221, -83.85328],
						"4.25": [-2.34941, 0.85481, 52.48247],
						"5.5": [-17.03047, -0.46775, 68.57564],
						"6.0": [0, 0, 0]
					},
					"position": {
						"0.0": [0, 0, 0],