{
	"format_version": "1.8.0",
	"animations": {
		"idle": {
			"loop": true,
			"bones": {
				"left_arm": {
					"rotation": [66.05739, -29.96852, 272.88614],
					"position": [-4, -7, 0]
				},
				"right_arm": {
					"rotation": [-257.5, 0, 0],
					"position": [6, -1, 7]
				}
			}
		},
		"melee": {
			"animation_length": 0.6667,
			"bones": {
				"left_arm": {
					"rotation": {
						"0.0": [66.05739, -29.96852, 272.88614],
						"0.0833": [64.33816, 30.1932, 247.08816],
						"0.125": [65.76213, -11.82285, 265.78941],
						"0.2083": [67.35272, -13.56999, 266.2631],
						"0.3333": [67.7332, -8.94871, 264.31619],
						"0.5833": [66.05739, -29.96852, 272.88614],
						"0.6667": [66.05739, -29.96852, 272.88614]
					},
					"position": {
						"0.0": [-4, -7, 0],
						"0.0833": [-4, -3, 8],
						"0.125": [-4.67507, -5.22618, 7.94253],
						"0.2083": [-4.37214, -5.85551, 8.63997],
						"0.3333": [-4, -5, 9],
						"0.5833": [-4, -7, 0],
						"0.6667": [-4, -7, 0]
					}
				},
				"right_arm": {
					"rotation": {
						"0.0": [-257.5, 0, 0],
						"0.0833": [-200, 0, 0],
						"0.125": [-255.01681, -2.4996, -0.10976],
						"0.1667": [-265.00763, -4.99721, -0.21943],
						"0.2083": [-265.00763, -4.99721, -0.21943],
						"0.3333": [-267.47846, -7.49282, -0.32902],
						"0.5833": [-257.5, 0, 0],
						"0.6667": [-257.5, 0, 0]
					},
					"position": {
						"0.0": [6, -1, 7],
						"0.0833": [6, 3, 4],
						"0.125": [5.71834, -0.90162, 6.3215],
						"0.2083": [5.53771, -1.21226, 7.29218],
						"0.3333": [5.5, -1, 8],
						"0.5833": [6, -1, 7],
						"0.6667": [6, -1, 7]
					}
				},
				"gun_body": {
					"rotation": {
						"0.0": [0, 0, 0],
						"0.0833": [-75.85701, -17.22746, -47.27852],
						"0.125": [7.08914, 4.82426, -28.91542],
						"0.2083": [14.73338, 1.18473, -32.50123],
						"0.3333": [23.56773, 2.59384, -12.60083],
						"0.5833": [-2.5, 0, 0],
						"0.6667": [0, 0, 0]
					},
					"position": {
						"0.0": [0, 0, 0],
						"0.0833": [-2.34899, 5.25882, 2.33652],
						"0.125": [2.43011, -1.2488, -7.00624],
						"0.2083": [3.43011, -2.7488, -8.25624],
						"0.3333": [3.43011, -3.2488, -6.75624],
						"0.5833": [0, 0.25, 0],
						"0.6667": [0, 0, 0]
					}
				}
			}
		},
		"reload": {
			"animation_length": 1.0833,
			"bones": {
				"left_arm": {
					"rotation": {
						"0.0": [66.05739, -29.96852, 272.88614],
						"0.2083": [107.38209, 7.5536, 272.88614],
						"0.2917": [112.76526, -10.55653, 174.71316],
						"0.375": [30.55459, -73.71157, 318.87392],
						"0.5": [56.14685, -59.73929, 293.67948],
						"0.625": [60.6692, -45.90134, 282.48006],
						"0.6667": [60.6692, -45.90134, 282.48006],
						"0.75": [80.86329, -37.93493, 277.6831],
						"0.8333": [66.05739, -29.96852, 272.88614],
						"1.0833": [66.05739, -29.96852, 272.88614]
					},
					"position": {
						"0.0": [-4, -7, 0],
						"0.2083": [-1.53914, -13.18384, -0.83926],
						"0.375": [-1.7, -5.33, -2.53],
						"0.5": [-2.57545, -3.66357, -4.99349],
						"0.625": [-3.09071, -3.42879, -4.65922],
						"0.6667": [-3.09071, -3.42879, -4.65922],
						"0.8333": [-4, -7, 0],
						"1.0833": [-4, -7, 0]
					}
				},
				"right_arm": {
					"rotation": {
						"0.0": [-257.5, 0, 0],
						"0.2083": [-267.49762, -2.49762, -0.10912],
						"0.5417": [-267.49762, -2.49762, -0.10912],
						"0.9583": [-250, 0, 0],
						"1.0833": [-257.5, 0, 0]
					},
					"position": {
						"0.0": [6, -1, 7],
						"0.5417": [6.06736, -1.04919, 5.99826],
						"0.9583": [6.08401, 0.47885, 5.87939],
						"1.0833": [6, -1, 7]
					}
				},
				"front": {
					"rotation": {
						"0.1667": [0, 0, 0],
						"0.2917": [45, 0, 0],
						"0.6667": [45, 0, 0],
						"0.9167": [0, 0, 0]
					}
				},
				"gun_body": {
					"rotation": {
						"0.0": [0, 0, 0],
						"0.0833": [-5, 0, -10],
						"0.2083": [7.47178, -0.65182, -5.04256],
						"0.2917": [6.80423, -3.1622, 14.81197],
						"0.5": [0.41, -1.93, 9.05],
						"0.5833": [2.41, -1.93, 9.05],
						"0.75": [7.21103, -1.31636, 6.17077],
						"0.875": [-15.87127, -2.0758, -1.51775],
						"0.9583": [-19.86025, -2.40754, -1.41074],
						"1.0833": [0, 0, 0]
					},
					"position": {
						"0.0": [0, 0, 0],
						"0.2917": [0, -2.28, 0.83],
						"0.5": [0, -2.28, 0.83],
						"0.5833": [0, -2.48, 0.63],
						"0.75": [0, -3.48, -0.37],
						"0.875": [-1, -0.48, 1.63],
						"0.9583": [-1, -0.18, 1.73],
						"1.0833": [0, 0, 0]
					}
				}
			},
			"sound_effects": {
				"0.0": {
					"effect": "rustle"
				},
				"0.2083": {
					"effect": "reload_mag_in"
				},
				"0.9167": {
					"effect": "bolt_release"
				},
				"1.0": {
					"effect": "reload_end"
				}
			},
			"particle_effects": {
				"0.75": {
					"effect": "loop_end"
				},
				"0.875": {
					"effect": "end_reload"
				},
				"0.9167": {
					"effect": "loaded"
				},
				"0.9583": {
					"effect": "loop_end"
				}
			}
		},
		"fire": {
			"loop": true,
			"animation_length": 0.75,
			"bones": {
				"left_arm": {
					"rotation": {
						"0.0": [66.05739, -29.96852, 272.88614],
						"0.25": [66.05739, -29.96852, 272.88614]
					},
					"position": {
						"0.0": [-4, -7, 0],
						"0.25": [-4, -7, 0]
					}
				},
				"right_arm": {
					"rotation": {
						"0.0": [-257.5, 0, 0],
						"0.25": [-257.5, 0, 0]
					},
					"position": {
						"0.0": [6, -1, 7],
						"0.25": [6, -1, 7]
					}
				},
				"gun_body": {
					"rotation": {
						"0.0": [-1, 0, 0],
						"0.0417": [-0.99939, 0.0349, 1.9997],
						"0.0833": [-3.86437, 0.69866, 4.75702],
						"0.125": [-3.92981, -0.17437, -2.12891],
						"0.1667": [-0.9669, -0.00123, -0.57052],
						"0.2083": [1.99878, -0.06978, 1.99878],
						"0.25": [0, 0, 0]
					},
					"position": {
						"0.0": [-1, 0.4, 0.75],
						"0.0833": [-1, 1, 2],
						"0.2083": [0, 0, 0],
						"0.25": [0, 0, 0]
					}
				}
			}
		},
		"shoot": {
			"loop": true,
			"animation_length": 0.75,
			"bones": {
				"left_arm": {
					"rotation": {
						"0.0": [66.05739, -29.96852, 272.88614],
						"0.25": [66.05739, -29.96852, 272.88614]
					},
					"position": {
						"0.0": [-4, -7, 0],
						"0.25": [-4, -7, 0]
					}
				},
				"right_arm": {
					"rotation": {
						"0.0": [-257.5, 0, 0],
						"0.25": [-257.5, 0, 0]
					},
					"position": {
						"0.0": [6, -1, 7],
						"0.25": [6, -1, 7]
					}
				},
				"gun_body": {
					"rotation": {
						"0.0": [-1, 0, 0],
						"0.0417": [-0.99939, 0.0349, 1.9997],
						"0.0833": [-3.86437, 0.69866, 4.75702],
						"0.125": [-3.92981, -0.17437, -2.12891],
						"0.1667": [-0.9669, -0.00123, -0.57052],
						"0.2083": [1.99878, -0.06978, 1.99878],
						"0.25": [0, 0, 0]
					},
					"position": {
						"0.0": [-1, 0.4, 0.75],
						"0.0833": [-1, 1, 2],
						"0.2083": [0, 0, 0],
						"0.25": [0, 0, 0]
					}
				}
			}
		},
		"draw": {
			"loop": "hold_on_last_frame",
			"animation_length": 0.5,
			"bones": {
				"left_arm": {
					"rotation": {
						"0.0": [73.49165, 22.52422, 273.79429],
						"0.4167": [66.05739, -29.96852, 272.88614]
					},
					"position": {
						"0.0": [5.96458, -15.68776, 8.93185],
						"0.125": [4.08234, -8.28814, 7.73058],
						"0.25": [0.34551, -8.4655, 5.17312],
						"0.4167": [-4, -7, 0]
					}
				},
				"right_arm": {
					"rotation": {
						"0.0": [-257.5, 0, 0],
						"0.1667": [-222.5, 0, 0],
						"0.375": [-257.5, 0, 0]
					},
					"position": {
						"0.0": [6, -1, 7],
						"0.1667": [5.98006, 1.43656, 4.47675],
						"0.375": [6, -1, 7]
					}
				},
				"gun_body": {
					"rotation": {
						"0.0": [-73.82646, -21.69365, -6.1191],
						"0.1667": [-77.33515, -8.78203, 0.55054],
						"0.375": [-15, 0, 2],
						"0.5": [0, 0, 0]
					},
					"position": {
						"0.0": [-8, 4, 13],
						"0.1667": [-3.64, 1.55, 0.91],
						"0.375": [0, -0.25, 0],
						"0.5": [0, 0, 0]
					}
				}
			}
		},
		"inspect": {
			"animation_length": 6.3333,
			"bones": {
				"left_arm": {
					"rotation": [66.05739, -29.96852, 272.88614],