{
	"format_version": "1.8.0",
	"animations": {
		"idle": {
			"loop": true,
			"bones": {
				"gun_body": {
					"position": [0, 0, 2]
				},
				"left_arm": {
					"rotation": [119.06099, -0.77216, 130.74366],
					"position": [-1.88632, -3.62632, -2.73721]
				},
				"right_arm": {
					"rotation": [112.5, 5, 180],
					"position": [4.67756, -2.65328, 4.74342]
				}
			}
		},
		"shoot": {
			"loop": true,
			"animation_length": 0.5833,
			"bones": {
				"gun_body": {
					"rotation": {
						"0.0": {
							"post": [0, 0, 0],
							"lerp_mode": "catmullrom"
						},
						"0.1667": {
							"post": [-1, 0, -2],
							"lerp_mode": "catmullrom"
						},
						"0.4167": {
							"post": [0.75004, 0.00436, 0.49999],
							"lerp_mode": "catmullrom"
						},
						"0.5": {
							"post": [0, 0, 0],
							"lerp_mode": "catmullrom"
						},
						"0.5833": {
							"post": [0, 0, 0],
							"lerp_mode": "catmullrom"
						}
					},
					"position": {
						"0.0": {
							"post": [0, 0, 2.25],
							"lerp_mode": "catmullrom"
						},
						"0.5": {
							"post": [0, 0, 2],
							"lerp_mode": "catmullrom"
						},
						"0.5833": {
							"post": [0, 0, 2],
							"lerp_mode": "catmullrom"
						}
					}
				},
				"left_arm": {
					"rotation": [119.06099, -0.77216, 130.74366],
					"position": [-1.88632, -3.62632, -2.73721]
				},
				"right_arm": {
					"rotation": [112.5, 5, 180],
					"position": [4.67756, -2.65328, 4.74342]
				}
			}
		},
		"aim_shoot": {
			"loop": true,
			"animation_length": 0.5,
			"bones": {
				"gun_body": {
					"rotation": {
						"0.0": [0, 0, 0],
						"0.1667": [-1, 0, -2],
						"0.4167": [0.75004, 0.00436, 0.49999],
						"0.5": [0, 0, 0]
					},
					"position": {
						"0.0": [0, 0, 2.25],
						"0.5": [0, 0, 2]
					}
				},
				"left_arm": {
					"rotation": {
						"0.0": [119.06099, -0.77216, 130.74366],
						"0.5": [119.06099, -0.77216, 130.74366]
					},
					"position": {
						"0.0": [-1.88632, -3.62632, -2.73721],
						"0.5": [-1.88632, -3.62632, -2.73721]
					}
				},
				"right_arm": {
					"rotation": [112.5, 5, 180],
					"position": [4.67756, -2.65328, 4.74342]
				}
			}
		},
		"reload": {
			"animation_length": 3.5833,
			"bones": {
				"gun_body": {
					"rotation": {
						"0.0": {
							"post": [0, 0, 0],
							"lerp_mode": "catmullrom"
						},
						"0.5417": {
							"post": [15.75732, -30.52733, 4.59657],
							"lerp_mode": "catmullrom"
						},
						"0.625": {
							"post": [14.02079, -31.29843, 7.97598],
							"lerp_mode": "catmullrom"
						},
						"0.75": {
							"post": [15.75732, -30.52733, 4.59657],
							"lerp_mode": "catmullrom"
						},
						"0.9167": {
							"post": [13.45104, -30.59123, 4.89451],
							"lerp_mode": "catmullrom"
						},
						"1.3333": {
							"post": [14.68541, -30.75098, 5.6393],
							"lerp_mode": "catmullrom"
						},
						"1.8333": {
							"post": [15.87667, -29.96535, 2.37463],
							"lerp_mode": "catmullrom"
						},
						"2.625": {
							"post": [15.42737, -29.68715, 1.26744],
							"lerp_mode": "catmullrom"
						},
						"3.0417": {
							"post": [15.42737, -29.68715, 1.26744],
							"lerp_mode": "catmullrom"
						},
						"3.125": {
							"post": [14.31374, -30.2005, 3.49826],
							"lerp_mode": "catmullrom"
						},
						"3.25": {
							"post": [15.42737, -29.68715, 1.26744],
							"lerp_mode": "catmullrom"
						},
						"3.5": {
							"post": [0, 0, 0],
							"lerp_mode": "catmullrom"
						},
						"3.5833": {
							"post": [0, 0, 0],
							"lerp_mode": "catmullrom"
						}
					},
					"position": {
						"0.0": {
							"post": [0, 0, 2],
							"lerp_mode": "catmullrom"
						},
						"0.5417": {
							"post": [0, -3, 2],
							"lerp_mode": "catmullrom"
						},
						"0.625": {
							"post": [0, -3.1, 2],
							"lerp_mode": "catmullrom"
						},
						"0.75": {
							"post": [0, -3, 2],
							"lerp_mode": "catmullrom"
						},
						"0.9167": {
							"post": [0, -2.9, 2],
							"lerp_mode": "catmullrom"
						},
						"1.0833": {
							"post": [0, -3.32, 2],
							"lerp_mode": "catmullrom"
						},
						"1.8333": {
							"post": [0, -3, 2],
							"lerp_mode": "catmullrom"
						},
						"2.625": {
							"post": [0, -3, 2],
							"lerp_mode": "catmullrom"
						},
						"3.0417": {
							"post": [0, -3, 2],
							"lerp_mode": "catmullrom"
						},
						"3.0833": {
							"post": [0, -3.25, 2],
							"lerp_mode": "catmullrom"
						},
						"3.25": {
							"post": [0, -3, 2],
							"lerp_mode": "catmullrom"
						},
						"3.5": {
							"post": [0, 0, 2],
							"lerp_mode": "catmullrom"
						},
						"3.5833": {
							"post": [0, 0, 2],
							"lerp_mode": "catmullrom"
						}
					}
				},
				"core": {
					"rotation": {
						"0.5417": [0, 0, 0],
						"0.7917": [0, 0, 0],
						"0.875": [0, 0, 0],
						"0.9583": [-12.5, 0, 0],
						"1.0417": [-0.9363, 0.49252, -9.21737],
						"1.2083": [-12.5, 0, 0],
						"1.625": [-53.39414, -65.21903, 40.03314],
						"1.7917": [-82.91013, -70.3831, 56.59076],
						"1.9583": [-16.10424, -75.1372, 21.9249],
						"2.1667": [-82.91013, -70.3831, 56.59076],
						"2.375": [-53.39414, -65.21903, 40.03314],
						"2.6667": [-33.00107, -30.73503, 11.15789],
						"2.8333": [-12.5, 0, 0],
						"2.9167": [0, 0, 0],
						"3.0417": [0, 0, 0]
					},
					"position": {
						"0.5417": [0, 0, 0],
						"0.7917": [0, 0, 0],
						"0.9583": [0, 2, 0],
						"1.0417": [0, 2, 0],
						"1.2083": [0, 2, 0],
						"1.2917": [0.64336, -0.21061, 3.58877],
						"1.375": [1.2845, -2.52063, 5.17877],
						"1.4583": [1.91395, -4.84956, 6.27335],
						"1.625": [3.12493, -7.13262, 6.85047],
						"1.9583": [3.48485, -13.07385, 5.91524],
						"2.375": [3.12149, -7.15765, 6.35111],
						"2.5417": [1.91395, -4.84956, 6.27335],
						"2.8333": [0, 2, 0],
						"2.9167": [-0.0436, 0.99905, 0.00003],
						"3.0417": [0, 0, 0]
					}
				},
				"left_arm": {
					"rotation": {
						"0.0": [119.06099, -0.77216, 130.74366],
						"0.1667": [118.91798, 3.10986, 123.74587],
						"0.2917": [156.98575, 20.61641, 173.53676],
						"0.5417": {
							"pre": [169.79576, 0.91349, 162.63448],
							"post": [169.79576, 0.91349, 162.63448],
							"lerp_mode": "catmullrom"
						},
						"0.7917": {
							"post": [169.79706, -0.07069, 162.81163],
							"lerp_mode": "catmullrom"
						},
						"0.9583": {
							"post": [169.57678, 11.73684, 160.65595],
							"lerp_mode": "catmullrom"
						},
						"1.2083": {
							"post": [169.79532, -1.05488, 162.98879],
							"lerp_mode": "catmullrom"
						},
						"1.7083": {
							"post": [122.02417, 16.43479, 118.80101],
							"lerp_mode": "catmullrom"
						},
						"1.9583": {
							"post": [100.78739, 19.63152, 102.19729],
							"lerp_mode": "catmullrom"
						},
						"2.1667": {
							"post": [118.3198, 26.13887, 95.01893],
							"lerp_mode": "catmullrom"
						},
						"2.375": {
							"post": [124.86827, 18.14717, 112.17242],
							"lerp_mode": "catmullrom"
						},
						"2.5833": {
							"post": [145.31947, 8.83057, 131.184],
							"lerp_mode": "catmullrom"
						},
						"2.8333": {
							"post": [169.70923, -7.45141, 164.14776],
							"lerp_mode": "catmullrom"
						},
						"3.0417": {
							"post": [152.77799, -0.68628, 156.04617],
							"lerp_mode": "catmullrom"
						},
						"3.1667": {
							"post": [152.77355, -0.45755, 156.4908],
							"lerp_mode": "catmullrom"
						},
						"3.2917": {
							"post": [124.12856, 36.35877, 119.92471],
							"lerp_mode": "catmullrom"
						},
						"3.5": [119.06099, -0.77216, 130.74366]
					},
					"position": {
						"0.0": [-1.88632, -3.62632, -2.73721],
						"0.1667": [-1.98025, -3.54929, -2.95572],
						"0.5417": {
							"pre": [-4, -0.5, 0.5],
							"post": [-4, -0.5, 0.5],
							"lerp_mode": "catmullrom"
						},
						"0.7917": {
							"post": [-4, -0.5, 0.5],
							"lerp_mode": "catmullrom"
						},