{
	"format_version": "1.8.0",
	"animations": {
		"idle": {
			"loop": true,
			"bones": {
				"gun_body": {
					"position": [0, 0, 2]
				},
				"left_arm": {
					"rotation": [86.44821, 28.87138, 32.02922],
					"position": [-3, -3.5, -2.5]
				},
				"right_arm": {
					"rotation": [67.5, -5, 0],
					"position": [5, -2, 4.5]
				}
			}
		},
		"shoot": {
			"loop": true,
			"animation_length": 0.5,
			"bones": {
				"gun_body": {
					"rotation": {
						"0.0": [0, 0, 0],
						"0.1667": [-1, 0, -2],
						"0.4167": [0.75004, 0.00436, 0.49999],
						"0.5": [0, 0, 0]
					},
					"position": {
						"0.0": [0, 0, 2.25],
						"0.5": [0, 0, 2]
					}
				},
				"left_arm": {
					"rotation": {
						"0.0": {
							"post": [86.44821, 28.87138, 32.02922],
							"lerp_mode": "catmullrom"
						},
						"0.5": {
							"post": [86.44821, 28.87138, 32.02922],
							"lerp_mode": "catmullrom"
						}
					},
					"position": {
						"0.0": {
							"post": [-3, -3.5, -2.5],
							"lerp_mode": "catmullrom"
						},
						"0.5": {
							"post": [-3, -3.5, -2.5],
							"lerp_mode": "catmullrom"
						}
					}
				},
				"right_arm": {
					"rotation": {
						"0.0": [67.5, -5, 0],
						"0.5": [67.5, -5, 0]
					},
					"position": {
						"0.0": [5, -2, 4.5],
						"0.5": [5, -2, 4.5]
					}
				}
			}
		},
		"aim_shoot": {
			"loop": true,
			"animation_length": 0.5,
			"bones": {
				"gun_body": {
					"rotation": {
						"0.0": [0, 0, 0],
						"0.1667": [-1, 0, -2],
						"0.4167": [0.75004, 0.00436, 0.49999],
						"0.5": [0, 0, 0]
					},
					"position": {
						"0.0": [0, 0, 2.25],
						"0.5": [0, 0, 2]
					}
				},
				"left_arm": {
					"rotation": {
						"0.0": [86.44821, 28.87138, 32.02922],
						"0.5": [86.44821, 28.87138, 32.02922]
					},
					"position": {
						"0.0": [-3, -3.5, -2.5],
						"0.5": [-3, -3.5, -2.5]
					}
				},
				"right_arm": {
					"rotation": {
						"0.0": [67.5, -5, 0],
						"0.5": [67.5, -5, 0]
					},
					"position": {
						"0.0": [5, -2, 4.5],
						"0.5": [5, -2, 4.5]
					}
				}
			}
		},
		"reload": {
			"animation_length": 3.5,
			"bones": {
				"gun_body": {
					"rotation": {
						"0.0": [0, 0, 0],
						"0.5417": [15.75732, -30.52733, 4.59657],
						"0.625": [14.02079, -31.29843, 7.97598],
						"0.75": [15.75732, -30.52733, 4.59657],
						"0.9167": [13.45104, -30.59123, 4.89451],
						"1.3333": [14.68541, -30.75098, 5.6393],
						"1.8333": [15.87667, -29.96535, 2.37463],
						"2.625": [15.42737, -29.68715, 1.26744],
						"3.0417": [15.42737, -29.68715, 1.26744],
						"3.125": [14.31374, -30.2005, 3.49826],
						"3.25": [15.42737, -29.68715, 1.26744],
						"3.5": [0, 0, 0]
					},
					"position": {
						"0.0": [0, 0, 2],
						"0.5417": [0, -3, 2],
						"0.625": [0, -3.1, 2],
						"0.75": [0, -3, 2],
						"0.9167": [0, -2.9, 2],
						"1.0833": [0, -3.32, 2],
						"1.8333": [0, -3, 2],
						"2.625": [0, -3, 2],
						"3.0417": [0, -3, 2],
						"3.0833": [0, -3.25, 2],
						"3.25": [0, -3, 2],
						"3.5": [0, 0, 2]
					}
				},
				"core": {
					"rotation": {
						"0.5417": [0, 0, 0],
						"0.7917": [0, 0, 0],
						"0.875": [0, 0, 0],
						"0.9583": [-12.5, 0, 0],
						"1.0417": [-0.9363, 0.49252, -9.21737],
						"1.2083": [-12.5, 0, 0],
						"1.625": [-53.39414, -65.21903, 40.03314],
						"1.7917": [-82.91013, -70.3831, 56.59076],
						"1.9583": [-16.10424, -75.1372, 21.9249],
						"2.1667": [-82.91013, -70.3831, 56.59076],
						"2.375": [-53.39414, -65.21903, 40.03314],
						"2.6667": [-33.00107, -30.73503, 11.15789],
						"2.8333": [-12.5, 0, 0],
						"2.9167": [0, 0, 0],
						"3.0417": [0, 0, 0]
					},
					"position": {
						"0.5417": [0, 0, 0],
						"0.7917": [0, 0, 0],
						"0.9583": [0, 2, 0],
						"1.0417": [0, 2, 0],
						"1.2083": [0, 2, 0],
						"1.2917": [0.64336, -0.21061, 3.58877],
						"1.375": [1.2845, -2.52063, 5.17877],
						"1.4583": [1.91395, -4.84956, 6.27335],
						"1.625": [3.12493, -7.13262, 6.85047],
						"1.9583": [3.48485, -13.07385, 5.91524],
						"2.375": [3.12149, -7.15765, 6.35111],
						"2.5417": [1.91395, -4.84956, 6.27335],
						"2.8333": [0, 2, 0],
						"2.9167": [-0.0436, 0.99905, 0.00003],
						"3.0417": [0, 0, 0]
					}
				},
				"left_arm": {
					"rotation": {
						"0.0": [86.44821, 28.87138, 32.02922],
						"0.1667": [86.44821, 28.87138, 32.02922],
						"0.2917": [63.42365, 54.3341, 52.61681],
						"0.5417": [90.39908, 79.79682, 73.2044],
						"0.7917": [90.39908, 79.79682, 73.2044],
						"0.9583": [90.39908, 79.79682, 73.2044],
						"1.2083": [90.39908, 79.79682, 73.2044],
						"1.7083": [70.81614, 30.57136, 18.76603],
						"1.9583": [70.04298, 10.15349, 8.53461],
						"2.8333": [90.39908, 79.79682, 73.2044],
						"3.0417": [91.5, 62.77, 67.38],
						"3.1667": [91, 62.77, 67.38],
						"3.2917": [87.31703, 42.34374, 60.38385],
						"3.5": [86.44821, 28.87138, 32.02922]
					},
					"position": {
						"0.0": [-3, -3.5, -2.5],
						"0.1667": [-3, -3.5, -2.5],
						"0.5417": [-4, -0.5, 0.5],
						"0.7917": [-4, -0.5, 0.5],
						"0.9583": [-4, 1.5, 0.5],
						"1.0833": [-3.99487, 2.40221, 0.47971],
						"1.2083": [-4, 1.5, 0.5],
						"1.2917": [-0.61124, 0.38943, 0.35601],
						"1.375": [0.77876, -1.81061, 0.20607],
						"1.4583": [1.67366, -4.03449, 0.04612],
						"1.625": [2.13975, -6.10756, 0.83994],
						"1.9583": [0.09772, -11.57465, 0.37676],
						"2.1667": [2.13975, -8.10756, -0.16006],
						"2.375": [1.77999, -6.01015, -0.24622],
						"2.5417": [1.67366, -5.03449, 0.04612],
						"2.6667": [-0.67, -2.17, 0.5],
						"2.8333": [-4, 1.5, 0.5],
						"3.0417": [-3.7, -0.5, 1],
						"3.1667": [-3.8, -0.49968, 0.99998],
						"3.2917": [-2.4, -2.3, -2.5],
						"3.5": [-3, -3.5, -2.5]
					}
				},
				"right_arm": {
					"rotation": {
						"0.0": [67.5, -5, 0],
						"3.5": [67.5, -5, 0]
					},
					"position": {
						"0.0": [5, -2, 4.5],
						"3.5": [5, -2, 4.5]
					}
				}
			},
			"sound_effects": {
				"0.6667": {
					"effect": "gun_rustle"
				},
				"0.7917": {
					"effect": "reload_mag_out"
				},
				"3.0": {
					"effect": "reload_mag_in"
				}
			},
			"particle_effects": {
				"2.25": {
					"effect": "loaded"
				},
				"2.4583": {
					"effect": "end_reload"
				}
			}
		},
		"draw": {
			"loop": "hold_on_last_frame",
			"animation_length": 0.5,
			"bones": {
				"left_arm": {
					"rotation": {
						"0.0": [86.44821, 28.87138, 32.02922],
						"0.5": [86.44821, 28.87138, 32.02922]
					},
					"position": {
						"0.0": [-3, -3.5, -2.5],
						"0.5": [-3, -3.5, -2.5]
					}
				},
				"right_arm": {
					"rotation": {
						"0.0": [67.5, -5, 0],
						"0.5": [67.5, -5, 0]
					},
					"position": {
						"0.0": [5, -2, 4.5],
						"0.5": [5, -2, 4.5]
					}
				},
				"gun_body": {
					"rotation": {
						"0.0": [17.56274, -4.76804, -1.50701],
						"0.5": [0, 0, 0]
					},
					"position": {
						"0.0": [0.75, -5, -3],
						"0.3": [0, -2, -2.2],
						"0.5": [0, 0, 0]
					}
				},
				"gun_body2": {
					"rotation": [0, 0, 0],
					"position": [0, 0, 0]
				}
			},
			"sound_effects": {},
			"particle_effects": {}
		},
		"inspect": {
			"loop": true,
			"bones": {
				"left_arm": {
					"rotation": [86.44821, 28.87138, 32.02922],
					"position": [-3, -3.5, -2.5]
				},
				"right_arm": {
					"rotation": [67.5, -5, 0],
					"position": [5, -2, 4.5]
				}
			}
		}
	}
}