{
	"format_version": "1.8.0",
	"animations": {
		"idle": {
			"loop": true,
			"bones": {
				"gun_body": {
					"rotation": [0, 0, 0],
					"position": [0, 0, 0.75]
				},
				"right_arm": {
					"rotation": [90, -7.5, 0],
					"position": [5.25, -2, 3]
				},
				"left_arm": {
					"rotation": [69.48369, -19.47775, 259.88191],
					"position": [-3.2, -5.6, -7]
				}
			}
		},
		"shoot": {
			"loop": true,
			"animation_length": 0.75,
			"bones": {
				"bone3": {
					"rotation": {
						"0.0": [0, 13.13, 0],
						"0.0417": [0, 15, 0],
						"0.1667": [0, 15, 0],
						"0.5": [0, 0, 0]
					}
				},
				"bone4": {
					"rotation": {
						"0.0": [0, 8.75, 0],
						"0.0417": [0, 10, 0],
						"0.1667": [0, 10, 0],
						"0.5": [0, 0, 0]
					}
				},
				"bone6": {
					"rotation": {
						"0.0": [0, -15, 0],
						"0.0417": [0, -15, 0],
						"0.1667": [0, -15, 0],
						"0.5": [0, 0, 0]
					}
				},
				"bone7": {
					"rotation": {
						"0.0": [0, -10, 0],
						"0.0417": [0, -10, 0],
						"0.1667": [0, -10, 0],
						"0.5": [0, 0, 0]
					}
				},
				"bone8": {
					"rotation": {
						"0.0": [0, -39.38, 0],
						"0.0417": [0, -45, 0],
						"0.1667": [0, -45, 0],
						"0.5": [0, 0, 0]
					}
				},
				"bone9": {
					"rotation": {
						"0.0": [0, 39.38, 0],
						"0.0417": [0, 45, 0],
						"0.1667": [0, 45, 0],
						"0.5": [0, 0, 0]
					}
				},
				"gun_body": {
					"rotation": {
						"0.0": [-0.5, -0.15, -0.5],
						"0.25": [-8.04323, -1.1673, -4.44095],
						"0.3333": [-10.15656, 0.84642, 4.63203],
						"0.4167": [-11.31222, 0.71785, 3.27629],
						"0.5": [-14.31594, 2.15393, 9.76758],
						"0.75": [0, 0, 0]
					},
					"position": {
						"0.0": [-1, 0, 2],
						"0.25": [-0.93, 0, 3.1],
						"0.5": [0, 0, 2],
						"0.75": [0, 0, 0.75]
					}
				},
				"charging_handle": {
					"position": {
						"0.0": [0, 0, -4.38],
						"0.0417": [0, 0, -5],
						"0.1667": [0, 0, -5],
						"0.5": [0, 0, 0]
					}
				},
				"right_arm": {
					"rotation": {
						"0.0": [90, -7.5, 0],
						"0.0833": [80, -7.5, 0],
						"0.5833": [55, -7.5, 0],
						"0.75": [90, -7.5, 0]
					},
					"position": {
						"0.0": [5.25, -2, 3],
						"0.0833": [3, -1.5, -3],
						"0.5833": [3, -3.75, 1.25],
						"0.75": [5.25, -2, 3]
					}
				},
				"left_arm": {
					"rotation": {
						"0.0": [69.48369, -19.47775, 259.88191],
						"0.75": [69.48369, -19.47775, 259.88191]
					},
					"position": {
						"0.0": [-3.2, -5.6, -7],
						"0.75": [-3.2, -5.6, -7]
					}
				}
			},
			"sound_effects": {
				"0.125": {
					"effect": "SILVERLINING_PULL_START"
				},
				"0.2917": {
					"effect": "SILVERLINING_PULL_MIDDLE"
				},
				"0.5": {
					"effect": "SILVERLINING_PULL_END"
				}
			}
		},
		"aim_shoot": {
			"loop": true,
			"animation_length": 0.75,
			"bones": {
				"bone3": {
					"rotation": {
						"0.0": [0, 13.13, 0],
						"0.0417": [0, 15, 0],
						"0.1667": [0, 15, 0],
						"0.5": [0, 0, 0]
					}
				},
				"bone4": {
					"rotation": {
						"0.0": [0, 8.75, 0],
						"0.0417": [0, 10, 0],
						"0.1667": [0, 10, 0],
						"0.5": [0, 0, 0]
					}
				},
				"bone6": {
					"rotation": {
						"0.0": [0, -15, 0],
						"0.0417": [0, -15, 0],
						"0.1667": [0, -15, 0],
						"0.5": [0, 0, 0]
					}
				},
				"bone7": {
					"rotation": {
						"0.0": [0, -10, 0],
						"0.0417": [0, -10, 0],
						"0.1667": [0, -10, 0],
						"0.5": [0, 0, 0]
					}
				},
				"bone8": {
					"rotation": {
						"0.0": [0, -39.38, 0],
						"0.0417": [0, -45, 0],
						"0.1667": [0, -45, 0],
						"0.5": [0, 0, 0]
					}
				},
				"bone9": {
					"rotation": {
						"0.0": [0, 39.38, 0],
						"0.0417": [0, 45, 0],
						"0.1667": [0, 45, 0],
						"0.5": [0, 0, 0]
					}
				},
				"gun_body": {
					"rotation": {
						"0.0": [-0.5, -0.15, -1],
						"0.25": [-6, -1.1673, -2.5],
						"0.3333": [-8, 0.84642, 2],
						"0.4167": [-10, 0.71785, 1.5],
						"0.5": [-12, 2.15393, 5],
						"0.75": [0, 0, 0]
					},
					"position": {
						"0.0": [-0.1, 0, 2],
						"0.25": [-0.5, 0, 0.5],
						"0.5": [0, 0, 1],
						"0.75": [0, 0, 0.75]
					}
				},
				"charging_handle": {
					"position": {
						"0.0": [0, 0, -4.38],
						"0.0417": [0, 0, -5],
						"0.1667": [0, 0, -5],
						"0.5": [0, 0, 0]
					}
				},
				"right_arm": {
					"rotation": {
						"0.0": [90, -7.5, 0],
						"0.0833": [80, -7.5, 0],
						"0.5833": [55, -7.5, 0],
						"0.75": [90, -7.5, 0]
					},
					"position": {
						"0.0": [5.25, -2, 3],
						"0.0833": [3, -1.5, -2.25],
						"0.5833": [3, -3.75, 1.75],
						"0.75": [5.25, -2, 3]
					}
				},
				"left_arm": {
					"rotation": {
						"0.0": [69.48369, -19.47775, 259.88191],
						"0.75": [69.48369, -19.47775, 259.88191]
					},
					"position": {
						"0.0": [-3.2, -5.6, -7],
						"0.75": [-3.2, -5.6, -7]
					}
				}
			},
			"sound_effects": {
				"0.125": {
					"effect": "SILVERLINING_PULL_START"
				},
				"0.2917": {
					"effect": "SILVERLINING_PULL_MIDDLE"
				},
				"0.5": {
					"effect": "SILVERLINING_PULL_END"
				}
			}
		},
		"reload": {
			"loop": true,
			"animation_length": 2.0833,
			"bones": {
				"gun_body": {
					"rotation": {
						"0.0": [0, 0, 0],
						"0.3333": [-3, 0, -9],
						"0.5": [-0.4997, 0.01745, -7.00008],
						"0.75": [1.99878, 0.06978, -10.99878],
						"1.1667": [2.99878, -0.06978, -7.00122],
						"1.4167": [0.99878, -0.06978, -7.00122],
						"1.5": [1.00023, -0.04362, -8.50099],
						"1.5833": [0.99985, -0.05234, -8.00107],
						"1.75": [-0.00015, -0.05234, -8.00107],
						"2.0833": [0, 0, 0]
					},
					"position": {
						"0.0": [0, 0, 0.75],
						"0.3333": [0.0052, -0.02654, 0.8551],
						"0.4167": [0.00925, -0.06526, 0.73012],
						"0.75": [0.07762, -0.4901, 0.85343],
						"1.1667": [0.17925, -0.47781, 0.85012],
						"1.4167": [0.16781, -0.38076, 0.84826],
						"1.5833": [0.15781, -0.28076, 0.84826],
						"1.75": [0.14608, -0.18099, 0.84826],
						"2.0833": [0, 0, 0.75]
					}
				},
				"magazine": {
					"rotation": {
						"0.0": [0, 0, 0],
						"0.4167": [0, 0, 0],
						"0.5833": [-7, 0, 0],
						"0.9167": [25, 0, 0],
						"1.0833": [23.97594, 7.30111, -15.9477],
						"1.3333": [25, 0, 0],
						"1.75": [-7, 0, 0],
						"1.9167": [0, 0, 0]
					},
					"position": {
						"0.0": [0, 0, 0],
						"0.4167": [0, 0, 0],
						"0.5833": [0, 0, 0],
						"0.9167": [0, -6.65785, -0.96738],
						"1.1667": [3.15473, -7.96869, 1.86967],
						"1.3333": [0, -6.65785, -0.96738],
						"1.5": [0, -1.89, -0.14],
						"1.75": [0, 0, 0],
						"1.9167": [0, 0, 0]
					}
				},
				"right_arm": {
					"rotation": {
						"0.0": [90, -7.5, 0],
						"2.0833": [90, -7.5, 0]
					},
					"position": {
						"0.0": [5.25, -2, 3],
						"2.0833": [5.25, -2, 3]
					}
				},
				"left_arm": {
					"rotation": {
						"0.0": [69.48369, -19.47775, 259.88191],
						"0.1667": [84.68643, -20.34969, 251.95819],
						"0.3333": [106.92752, -9.06862, 167.51001],
						"1.6667": [106.92752, -9.06862, 167.51001],
						"1.8333": [120.92752, -9.06862, 167.51001],
						"2.0833": [69.48369, -19.47775, 259.88191]
					},
					"position": {
						"0.0": [-3.2, -5.6, -7],
						"0.3333": [-4.2, -6.85, -2],
						"1.6667": [-4.2, -6.85, -2],
						"1.8333": [-4.2, -6.85, -2],
						"2.0833": [-3.2, -5.6, -7]
					}
				}
			},
			"sound_effects": {
				"0.5": {
					"effect": "reload_mag_out"
				},
				"1.3333": {
					"effect": "reload_mag_in"
				}
			},
			"particle_effects": {
				"2.0": {
					"effect": "loaded"
				}
			}
		},
		"draw": {
			"loop": true,
			"animation_length": 0.75,
			"bones": {
				"bone3": {
					"rotation": {
						"0.0": [0, 15, 0],
						"0.1667": [0, 15, 0],
						"0.5": [0, 0, 0]
					}
				},
				"bone4": {
					"rotation": {
						"0.0": [0, 10, 0],
						"0.1667": [0, 10, 0],
						"0.5": [0, 0, 0]
					}
				},
				"bone6": {
					"rotation": {
						"0.0": [0, -15, 0],
						"0.1667": [0, -15, 0],