{
	"format_version": "1.8.0",
	"animations": {
		"idle": {
			"loop": true,
			"bones": {
				"gun_body": {
					"rotation": [0, 0, 0],
					"position": [0, 0, 0.75]
				},
				"right_arm": {
					"rotation": [90, 5.5, -180],
					"position": [5, -2.5, 3]
				},
				"left_arm": {
					"rotation": [69.48369, -19.47775, 259.88191],
					"position": [-3.2, -5.6, -7]
				}
			}
		},
		"shoot": {
			"loop": true,
			"animation_length": 0.8333,
			"bones": {
				"bone3": {
					"rotation": {
						"0.0": [0, 13.13, 0],
						"0.0417": [0, 15, 0],
						"0.1667": [0, 15, 0],
						"0.5": [0, 0, 0]
					}
				},
				"bone4": {
					"rotation": {
						"0.0": [0, 8.75, 0],
						"0.0417": [0, 10, 0],
						"0.1667": [0, 10, 0],
						"0.5": [0, 0, 0]
					}
				},
				"bone6": {
					"rotation": {
						"0.0": [0, -15, 0],
						"0.0417": [0, -15, 0],
						"0.1667": [0, -15, 0],
						"0.5": [0, 0, 0]
					}
				},
				"bone7": {
					"rotation": {
						"0.0": [0, -10, 0],
						"0.0417": [0, -10, 0],
						"0.1667": [0, -10, 0],
						"0.5": [0, 0, 0]
					}
				},
				"bone8": {
					"rotation": {
						"0.0": [0, -39.38, 0],
						"0.0417": [0, -45, 0],
						"0.1667": [0, -45, 0],
						"0.5": [0, 0, 0]
					}
				},
				"bone9": {
					"rotation": {
						"0.0": [0, 39.38, 0],
						"0.0417": [0, 45, 0],
						"0.1667": [0, 45, 0],
						"0.5": [0, 0, 0]
					}
				},
				"gun_body": {
					"rotation": {
						"0.0": {
							"post": [-0.5, -0.15, -0.5],
							"lerp_mode": "catmullrom"
						},
						"0.0417": {
							"post": [-0.59139, -0.41883, -0.6736],
							"lerp_mode": "catmullrom"
						},
						"0.0833": {
							"post": [-1.68569, -0.61153, -2.40213],
							"lerp_mode": "catmullrom"
						},
						"0.125": {
							"post": [-2.00448, -0.78517, -3.15045],
							"lerp_mode": "catmullrom"
						},
						"0.25": {
							"post": [-8.04323, -1.1673, -4.44095],
							"lerp_mode": "catmullrom"
						},
						"0.4167": {
							"post": [-11.31222, 0.71785, 3.27629],
							"lerp_mode": "catmullrom"
						},
						"0.5": {
							"post": [-14.31594, 2.15393, 9.76758],
							"lerp_mode": "catmullrom"
						},
						"0.5833": {
							"post": [-13.55948, 2.448, 10.9129],
							"lerp_mode": "catmullrom"
						},
						"0.75": {
							"post": [-10.15656, 0.84642, 4.63203],
							"lerp_mode": "catmullrom"
						},
						"0.8333": {
							"post": [0, 0, 0],
							"lerp_mode": "catmullrom"
						}
					},
					"position": {
						"0.0": {
							"post": [-1, 0, 2],
							"lerp_mode": "catmullrom"
						},
						"0.0417": {
							"post": [-1.06, 0.1, 2.15],
							"lerp_mode": "catmullrom"
						},
						"0.0833": {
							"post": [-1.06, -0.01, 2.22],
							"lerp_mode": "catmullrom"
						},
						"0.125": {
							"post": [-1.06, -0.02, 2.53],
							"lerp_mode": "catmullrom"
						},
						"0.25": {
							"post": [-0.93, 0, 3.1],
							"lerp_mode": "catmullrom"
						},
						"0.5": {
							"post": [0, 0, 4],
							"lerp_mode": "catmullrom"
						},
						"0.5417": {
							"post": [0, 0, 4],
							"lerp_mode": "catmullrom"
						},
						"0.75": {
							"post": [0, 0, 0.75],
							"lerp_mode": "catmullrom"
						},
						"0.8333": {
							"post": [0, 0, 0.75],
							"lerp_mode": "catmullrom"
						}
					}
				},
				"charging_handle": {
					"position": {
						"0.0": [0, 0, -4.38],
						"0.0417": [0, 0, -5],
						"0.1667": [0, 0, -5],
						"0.5": [0, 0, 0]
					}
				},
				"right_arm": {
					"rotation": {
						"0.0": [90, 5.5, -180],
						"0.0833": [100, 7.5, -180],
						"0.5833": [125, 7.5, -180],
						"0.8333": [90, 5.5, -180]
					},
					"position": {
						"0.0": [5, -2.5, 3],
						"0.0833": [3, -1.5, -3],
						"0.5833": [3, -3.75, 1.25],
						"0.6667": [3.67, -4.25, 1.83],
						"0.75": [4.33, -3.5, 2.42],
						"0.8333": [5, -2.5, 3]
					}
				},
				"left_arm": {
					"rotation": {
						"0.0": [69.48369, -19.47775, 259.88191],
						"0.75": [69.48369, -19.47775, 259.88191]
					},
					"position": {
						"0.0": [-3.2, -5.6, -7],
						"0.75": [-3.2, -5.6, -7]
					}
				}
			},
			"sound_effects": {
				"0.0833": {
					"effect": "bolt_pull"
				},
				"0.2917": {
					"effect": "pull2"
				},
				"0.4167": {
					"effect": "bolt_release"
				}
			}
		},
		"aim_shoot": {
			"loop": true,
			"animation_length": 0.75,
			"bones": {
				"bone3": {
					"rotation": {
						"0.0": [0, 13.13, 0],
						"0.0417": [0, 15, 0],
						"0.1667": [0, 15, 0],
						"0.5": [0, 0, 0]
					}
				},
				"bone4": {
					"rotation": {
						"0.0": [0, 8.75, 0],
						"0.0417": [0, 10, 0],
						"0.1667": [0, 10, 0],
						"0.5": [0, 0, 0]
					}
				},
				"bone6": {
					"rotation": {
						"0.0": [0, -15, 0],
						"0.0417": [0, -15, 0],
						"0.1667": [0, -15, 0],
						"0.5": [0, 0, 0]
					}
				},
				"bone7": {
					"rotation": {
						"0.0": [0, -10, 0],
						"0.0417": [0, -10, 0],
						"0.1667": [0, -10, 0],
						"0.5": [0, 0, 0]
					}
				},
				"bone8": {
					"rotation": {
						"0.0": [0, -39.38, 0],
						"0.0417": [0, -45, 0],
						"0.1667": [0, -45, 0],
						"0.5": [0, 0, 0]
					}
				},
				"bone9": {
					"rotation": {
						"0.0": [0, 39.38, 0],
						"0.0417": [0, 45, 0],
						"0.1667": [0, 45, 0],
						"0.5": [0, 0, 0]
					}
				},
				"gun_body": {
					"rotation": {
						"0.0": [-0.5, -0.15, -1],
						"0.25": [-6, -1.1673, -2.5],
						"0.3333": [-8, 0.84642, 2],
						"0.4167": [-10, 0.71785, 1.5],
						"0.5": [-12, 2.15393, 5],
						"0.75": [0, 0, 0]
					},
					"position": {
						"0.0": [-0.1, 0, 2],
						"0.25": [-0.5, 0, 0.5],
						"0.5": [0, 0, 1],
						"0.75": [0, 0, 0.75]
					}
				},
				"charging_handle": {
					"position": {
						"0.0": [0, 0, -4.38],
						"0.0417": [0, 0, -5],
						"0.1667": [0, 0, -5],
						"0.5": [0, 0, 0]
					}
				},
				"right_arm": {
					"rotation": {
						"0.0": [90, 5.5, -180],
						"0.0833": [100, 7.5, -180],
						"0.5833": [125, 7.5, -180],
						"0.75": [90, 5.5, -180]
					},
					"position": {
						"0.0": [5, -2.5, 3],
						"0.0833": [3, -1.5, -3],
						"0.5833": [3, -3.75, 1.25],
						"0.75": [5, -2.5, 3]
					}
				},
				"left_arm": {
					"rotation": {
						"0.0": [69.48369, -19.47775, 259.88191],
						"0.75": [69.48369, -19.47775, 259.88191]
					},
					"position": {
						"0.0": [-3.2, -5.6, -7],
						"0.75": [-3.2, -5.6, -7]
					}
				}
			},
			"sound_effects": {
				"0.0833": {
					"effect": "bolt_pull"
				},
				"0.2917": {
					"effect": "pull2"
				},
				"0.4167": {
					"effect": "bolt_release"
				}
			}
		},
		"reload": {
			"loop": true,
			"animation_length": 2.0833,
			"bones": {
				"gun_body": {
					"rotation": {
						"0.0": {
							"post": [0, 0, 0],
							"lerp_mode": "catmullrom"
						},
						"0.3333": {
							"post": [-3, 0, -9],
							"lerp_mode": "catmullrom"
						},
						"0.5": {
							"post": [-0.4997, 0.01745, -7.00008],
							"lerp_mode": "catmullrom"
						},
						"0.75": {
							"post": [1.99878, 0.06978, -10.99878],
							"lerp_mode": "catmullrom"
						},
						"1.1667": {
							"post": [2.99878, -0.06978, -7.00122],
							"lerp_mode": "catmullrom"
						},
						"1.4167": {
							"post": [0.99878, -0.06978, -7.00122],
							"lerp_mode": "catmullrom"
						},
						"1.5": {
							"post": [1.00023, -0.04362, -8.50099],
							"lerp_mode": "catmullrom"
						},
						"1.5833": {
							"post": [0.99985, -0.05234, -8.00107],
							"lerp_mode": "catmullrom"
						},
						"1.75": {
							"post": [-0.00015, -0.05234, -8.00107],
							"lerp_mode": "catmullrom"
						},
						"2.0833": {
							"post": [0, 0, 0],
							"lerp_mode": "catmullrom"
						}
					},
					"position": {
						"0.0": {
							"post": [0, 0, 0.75],
							"lerp_mode": "catmullrom"
						},
						"0.3333": {
							"post": [0.0052, -0.02654, 0.8551],
							"lerp_mode": "catmullrom"
						},
						"0.4167": {
							"post": [0.00925, -0.06526, 0.73012],
							"lerp_mode": "catmullrom"
						},