{
	"format_version": "1.8.0",
	"animations": {
		"shoot": {
			"loop": true,
			"animation_length": 1,
			"bones": {
				"bone": {
					"position": {
						"0.2917": [0, 0, 0],
						"0.4583": [0, 0, 0],
						"0.5417": [0, 0, 2],
						"0.5833": [0, 0, 2],
						"0.6667": [0, 0, 0],
						"0.8333": [0, 0, 0]
					}
				},
				"bone3": {
					"rotation": {
						"0.2917": [0, 0, 0],
						"0.4583": [0, 0, 85],
						"0.5833": [0, 0, 85],
						"0.6667": [0, 0, 85],
						"0.8333": [0, 0, 0]
					}
				},
				"bone2": {
					"rotation": {
						"0.0": [-1, 0, 0],
						"0.0417": [-2.99909, -0.00003, -1.00091],
						"0.0833": [-1.99513, -0.13948, -3.99757],
						"0.2917": [1, 0, -3],
						"0.4167": [0, 0, 5],
						"0.5417": [-0.9962, 0.08715, 9.99924],
						"0.5833": [-1.99726, 0.10465, 7.99818],
						"0.75": [0, 0, 5],
						"0.8333": [0, 0, 1],
						"0.9167": [0, 0, -2.5],
						"1.0": [0, 0, 0]
					},
					"position": {
						"0.0": [-0.2, 0.1, 0.75],
						"0.0417": [-0.1, 0.1, 0.65],
						"0.0833": [0, 0.1, 0.95],
						"0.2917": [0, 0, 0],
						"0.4167": [0, 0, 0],
						"0.5417": [0, 0, 0.1],
						"0.5833": [0, 0, 0.3],
						"0.7917": [0, 0, -0.06],
						"1.0": [0, 0, 0]
					}
				},
				"left_arm": {
					"rotation": [72.86709, -11.68392, 251.32473],
					"position": [-3, -4.06935, -2.94703]
				},
				"right_arm": {
					"rotation": {
						"0.0": [87.50095, -2.49962, -0.04366],
						"0.125": [87.50333, -0.00199, -0.15263],
						"0.25": [59.95112, 10.34515, -0.61132],
						"0.4583": [43.0111, 1.67668, 5.06187],
						"0.5833": [23.27799, 0.71292, 3.88367],
						"0.75": [43.0111, 1.67668, 5.06187],
						"0.875": [87.50333, -0.00199, -0.15263],
						"1.0": [87.50095, -2.49962, -0.04366]
					},
					"position": {
						"0.0": [6, -2.91228, 5.0516],
						"0.125": [3.00659, -2.7112, 5.05099],
						"0.875": [3.00659, -2.7112, 5.05099],
						"1.0": [6, -2.91228, 5.0516]
					}
				}
			},
			"sound_effects": {
				"0.5": {
					"effect": "rack"
				}
			}
		},
		"aim_shoot": {
			"loop": true,
			"animation_length": 1,
			"bones": {
				"bone": {
					"position": {
						"0.2917": [0, 0, 0],
						"0.4583": [0, 0, 0],
						"0.5417": [0, 0, 2],
						"0.5833": [0, 0, 2],
						"0.6667": [0, 0, 0],
						"0.8333": [0, 0, 0]
					}
				},
				"bone3": {
					"rotation": {
						"0.2917": [0, 0, 0],
						"0.4583": [0, 0, 85],
						"0.5833": [0, 0, 85],
						"0.6667": [0, 0, 85],
						"0.8333": [0, 0, 0]
					}
				},
				"bone2": {
					"rotation": {
						"0.0": [-1, 0, 0],
						"0.0417": [-2.99909, -0.00003, -0.5],
						"0.0833": [-1.99513, -0.13948, -1],
						"0.2917": [1, 0, -1],
						"0.4167": [0, 0, 2],
						"0.5417": [-0.9962, 0.08715, 5],
						"0.5833": [-1.5, 0.10465, 3],
						"0.75": [0, 0, 2],
						"0.8333": [0, 0, 0.5],
						"0.9167": [0, 0, -1],
						"1.0": [0, 0, 0]
					},
					"position": {
						"0.0": [-0.2, 0.1, 0.75],
						"0.0417": [-0.1, 0.1, 0.65],
						"0.0833": [0, 0.1, 0.95],
						"0.2917": [0, 0, 0],
						"0.4167": [0, 0, 0],
						"0.5417": [0, 0, 0.1],
						"0.5833": [0, 0, 0.3],
						"0.7917": [0, 0, -0.06],
						"1.0": [0, 0, 0]
					}
				},
				"left_arm": {
					"rotation": [72.86709, -11.68392, 251.32473],
					"position": [-3, -4.06935, -2.94703]
				},
				"right_arm": {
					"rotation": {
						"0.0": [87.50095, -2.49962, -0.04366],
						"0.125": [87.50333, -0.00199, -0.15263],
						"0.25": [59.95112, 10.34515, -0.61132],
						"0.4583": [43.0111, 1.67668, 5.06187],
						"0.5833": [23.27799, 0.71292, 3.88367],
						"0.75": [43.0111, 1.67668, 5.06187],
						"0.875": [87.50333, -0.00199, -0.15263],
						"1.0": [87.50095, -2.49962, -0.04366]
					},
					"position": {
						"0.0": [6, -2.91228, 5.0516],
						"0.125": [3.00659, -2.7112, 5.05099],
						"0.875": [3.00659, -2.7112, 5.05099],
						"1.0": [6, -2.91228, 5.0516]
					}
				}
			},
			"sound_effects": {
				"0.5": {
					"effect": "rack"
				}
			}
		},
		"idle": {
			"loop": true,
			"bones": {
				"bone2": {
					"rotation": [0, 0, 0],
					"position": [0, 0, 0]
				},
				"left_arm": {
					"rotation": [72.86709, -11.68392, 251.32473],
					"position": [-3, -4.06935, -2.94703]
				},
				"right_arm": {
					"rotation": [87.50095, -2.49962, -0.04366],
					"position": [6, -2.91228, 5.0516]
				}
			}
		},
		"reload": {
			"loop": true,
			"animation_length": 2.1667,
			"bones": {
				"bone": {
					"position": {
						"1.4583": [0, 0, 0],
						"1.625": [0, 0, 0],
						"1.7083": [0, 0, 2],
						"1.75": [0, 0, 2],
						"1.8333": [0, 0, 0],
						"2.0": [0, 0, 0]
					}
				},
				"bone3": {
					"rotation": {
						"1.4583": [0, 0, 0],
						"1.625": [0, 0, 85],
						"1.75": [0, 0, 85],
						"1.8333": [0, 0, 85],
						"2.0": [0, 0, 0]
					}
				},
				"bone2": {
					"rotation": {
						"0.0": [0, 0, 0],
						"0.375": [-7.24805, 0.05586, -13.27407],
						"0.7917": [-2.78209, 0.03554, -9.53805],
						"1.0417": [-2.62438, 0.01777, -6.26902],
						"1.125": [-3.17133, 0.01555, -5.86039],
						"1.4583": [1, 0, -3],
						"1.5833": [0, 0, 5],
						"1.7083": [-0.9962, 0.08715, 9.99924],
						"1.75": [-1.99726, 0.10465, 7.99818],
						"1.9167": [0, 0, 5],
						"2.0": [0, 0, 1],
						"2.0833": [0, 0, -2.5],
						"2.1667": [0, 0, 0]
					},
					"position": {
						"0.0": [0, 0, 0],
						"0.625": [0, -0.25, -0.5],
						"1.0417": [0, 0.15, -0.4],
						"1.125": [0, 0.43, -0.13],
						"1.4583": [0, 0, 0],
						"1.5833": [0, 0, 0],
						"1.7083": [0, 0, 0.1],
						"1.75": [0, 0, 0.3],
						"1.9583": [0, 0, -0.06],
						"2.1667": [0, 0, 0]
					}
				},
				"left_arm": {
					"rotation": {
						"0.0": [72.86709, -11.68392, 251.32473],
						"0.2083": [67.86443, -40.03777, 262.41679],
						"0.375": [67.86443, -40.03777, 262.41679],
						"0.625": [73.2325, 0.27715, 247.66898],
						"1.125": [67.86443, -40.03777, 262.41679],
						"1.3333": [72.86709, -11.68392, 251.32473]
					},
					"position": {
						"0.0": [-3, -4.06935, -2.94703],
						"0.2083": [-3.5145, -7.8867, -0.67665],
						"0.375": [-3.5145, -7.8867, -0.67665],
						"0.625": [-3.85557, -9.74439, 1.42756],
						"0.875": [-3.57981, -8.07898, 0.34473],
						"1.125": [-3.5145, -7.8867, -0.67665],
						"1.3333": [-3, -4.06935, -2.94703]
					}
				},
				"right_arm": {
					"rotation": {
						"0.0": [87.50095, -2.49962, -0.04366],
						"1.125": [87.50095, -2.49962, -0.04366],
						"1.25": [87.50333, -0.00199, -0.15263],
						"1.375": [59.95112, 10.34515, -0.61132],
						"1.5833": [43.0111, 1.67668, 5.06187],
						"1.7083": [23.27799, 0.71292, 3.88367],
						"1.875": [43.0111, 1.67668, 5.06187],
						"2.0": [87.50333, -0.00199, -0.15263],
						"2.125": [87.50095, -2.49962, -0.04366]
					},
					"position": {
						"0.0": [6, -2.91228, 5.0516],
						"1.125": [6, -2.91228, 5.0516],
						"1.25": [3.00659, -2.7112, 5.05099],
						"2.0": [3.00659, -2.7112, 5.05099],
						"2.125": [6, -2.91228, 5.0516]
					}
				},
				"magazines": {
					"rotation": {
						"0.25": [0, 0, 0],
						"0.375": [0, 0, 0],
						"0.5": [14.51082, 3.84097, -14.51082],
						"0.9167": [14.51082, 3.84097, -14.51082],
						"1.0": [0, 0, 0],
						"1.0833": [0, 0, 0]
					},
					"position": {
						"0.0": [0, 0, 0],
						"0.25": [0, 0, 0],
						"0.375": [0, -0.5, 0],
						"0.625": [1, -6.5, 0],
						"0.8333": [0.33, -2.42, 0],
						"0.9167": [0, -1.5, 0],
						"0.9583": [0, -1, 0],
						"1.0": [0, -0.5, 0],
						"1.0833": [0, 0, 0]
					}
				}
			},
			"sound_effects": {
				"0.3333": {
					"effect": "reload_mag_out"
				},
				"1.0417": {
					"effect": "reload_mag_in"
				},
				"1.625": {
					"effect": "rack"
				}
			},
			"particle_effects": {
				"2.0417": {
					"effect": "loaded"
				}
			}
		},
		"draw": {
			"loop": "hold_on_last_frame",
			"animation_length": 0.875,
			"bones": {
				"bone2": {
					"rotation": {
						"0.0": [22.5, -40, 0],
						"0.375": [0, 0, 0],
						"0.5": [0, 0, 0]
					},